Month,City,Company,Total Monthly Hours,TariffRate
November,Ahmedabad,Indowind Energy,367.2,7.9
June,Ahmedabad,Orient Green,1179,7.9
October,Ahmedabad,Indowind Energy,477,7.9
December,Ahmedabad,Tata Power Company Ltd.,393.6,7.9
May,Ahmedabad,Adani Power Ltd.,672,7.9
May,Ahmedabad,Orient Green,914,7.9
May,Ahmedabad,Tata Power Company Ltd.,1290,7.9
December,Ahmedabad,Tata Power Company Ltd.,310.4,7.9
July,Ahmedabad,Tata Power Company Ltd.,1821,7.9
June,Ahmedabad,Tata Power Company Ltd.,2088,7.9
March,Ahmedabad,Adani Power Ltd.,194,7.9
August,Ahmedabad,Tata Power Company Ltd.,708,7.9
,,,,
December,Ahmedabad,Indowind Energy,331.2,7.9
November,Ahmedabad,Adani Power Ltd.,286.4,7.9
December,Ahmedabad,Indowind Energy,361.6,7.9
October,Ahmedabad,Orient Green,519,7.9
July,Ahmedabad,Tata Power Company Ltd.,1506,7.9
December,Ahmedabad,Orient Green,463.2,7.9
September,Ahmedabad,Reliance Energy,642,7.9
March,Ahmedabad,Reliance Energy,689,7.9
October,Ahmedabad,Orient Green,700,7.9
May,Ahmedabad,Reliance Energy,1022,7.9
May,Ahmedabad,Tata Power Company Ltd.,1150,7.9
February,Ahmedabad,Reliance Energy,282.4,7.9
March,Ahmedabad,Tata Power Company Ltd.,497,7.9
November,Ahmedabad,Tata Power Company Ltd.,540,7.9
April,Ahmedabad,Reliance Energy,447,
August,Ahmedabad,Reliance Energy,1065,7.9
November,Ahmedabad,Tata Power Company Ltd.,604.8,7.9
March,Ahmedabad,Indowind Energy,559,7.9
May,Ahmedabad,Adani Power Ltd.,676,7.9
January,Ahmedabad,Indowind Energy,298.4,7.9
December,Ahmedabad,Indowind Energy,542.4,7.9
November,Ahmedabad,Orient Green,427.2,
,,,,
August,Ahmedabad,Orient Green,861,7.9
January,Ahmedabad,Indowind Energy,418.4,7.9
March,Ahmedabad,Adani Power Ltd.,407,7.9
January,Ahmedabad,Reliance Energy,334.4,7.9
December,Ahmedabad,Tata Power Company Ltd.,437.6,7.9
March,Ahmedabad,Reliance Energy,533,7.9
November,Ahmedabad,Adani Power Ltd.,224,7.9
May,Ahmedabad,Adani Power Ltd.,1264,7.9
March,Ahmedabad,Reliance Energy,613,7.9
January,Ahmedabad,Tata Power Company Ltd.,364,7.9
May,Ahmedabad,Indowind Energy,1134,7.9
July,Ahmedabad,Reliance Energy,1101,7.9
January,Ahmedabad,Orient Green,246.4,7.9
July,Ahmedabad,Tata Power Company Ltd.,1515,7.9
February,Ahmedabad,Orient Green,407.2,7.9
June,Ahmedabad,Reliance Energy,2217,7.9
December,Ahmedabad,Indowind Energy,313.6,7.9
November,Ahmedabad,Indowind Energy,417.6,7.9
August,Ahmedabad,Reliance Energy,451.5,7.9
December,Ahmedabad,Indowind Energy,412.8,7.9
March,Ahmedabad,Reliance Energy,513,7.9
December,Ahmedabad,Indowind Energy,436,7.9
September,Ahmedabad,Indowind Energy,556.8,7.9
February,Ahmedabad,Adani Power Ltd.,352.8,7.9
September,Ahmedabad,Adani Power Ltd.,516,7.9
March,Ahmedabad,Reliance Energy,524,7.9
May,Ahmedabad,Orient Green,1116,7.9
November,Ahmedabad,Orient Green,360.8,7.9
March,Ahmedabad,Adani Power Ltd.,585,7.9
April,Ahmedabad,Orient Green,975,7.9
April,Ahmedabad,Tata Power Company Ltd.,1122,7.9
February,Ahmedabad,Adani Power Ltd.,469.6,7.9
January,Ahmedabad,Orient Green,369.6,7.9
March,Ahmedabad,Adani Power Ltd.,567,7.9
March,Ahmedabad,Indowind Energy,482,7.9
September,Ahmedabad,Adani Power Ltd.,746.4,7.9
December,Ahmedabad,Orient Green,329.6,7.9
June,Ahmedabad,Adani Power Ltd.,2169,7.9
February,Ahmedabad,Tata Power Company Ltd.,525.6,7.9
December,Ahmedabad,Indowind Energy,321.6,7.9
November,Ahmedabad,Adani Power Ltd.,447.2,7.9
February,Ahmedabad,Orient Green,312,7.9
October,Ahmedabad,Orient Green,741,7.9
August,Ahmedabad,Orient Green,948,7.9
September,Ahmedabad,Tata Power Company Ltd.,748.8,7.9
August,Ahmedabad,Adani Power Ltd.,777,7.9
May,Ahmedabad,Tata Power Company Ltd.,1352,7.9
September,Ahmedabad,Tata Power Company Ltd.,507.6,7.9
July,Ahmedabad,Indowind Energy,1983,7.9
December,Ahmedabad,Orient Green,441.6,7.9
December,Ahmedabad,Orient Green,328,7.9
January,Ahmedabad,Tata Power Company Ltd.,404,7.9
June,Ahmedabad,Orient Green,1260,7.9
December,Ahmedabad,Reliance Energy,414.4,7.9
February,Ahmedabad,Adani Power Ltd.,584.8,7.9
June,Ahmedabad,Indowind Energy,1308,7.9
October,Ahmedabad,Tata Power Company Ltd.,584,7.9
November,Ahmedabad,Indowind Energy,584.8,7.9
December,Ahmedabad,Reliance Energy,530.4,7.9
June,Ahmedabad,Tata Power Company Ltd.,1416,7.9
March,Ahmedabad,Adani Power Ltd.,422,7.9
December,Ahmedabad,Orient Green,367.2,7.9
May,Ahmedabad,Tata Power Company Ltd.,1318,7.9
July,Ahmedabad,Indowind Energy,1554,7.9
December,Ahmedabad,Indowind Energy,508,7.9
November,Ahmedabad,Reliance Energy,322.4,7.9
September,Ahmedabad,Orient Green,573.6,7.9
April,Ahmedabad,Indowind Energy,640.5,7.9
June,Ahmedabad,Tata Power Company Ltd.,1689,7.9
November,Ahmedabad,Indowind Energy,489.6,7.9
July,Ahmedabad,Adani Power Ltd.,1566,7.9
December,Ahmedabad,Reliance Energy,334.4,7.9
March,Ahmedabad,Orient Green,588,7.9
August,Ahmedabad,Tata Power Company Ltd.,954,7.9
June,Ahmedabad,Orient Green,2001,7.9
July,Ahmedabad,Adani Power Ltd.,1662,7.9
November,Ahmedabad,Adani Power Ltd.,448,7.9
October,Ahmedabad,Orient Green,441,7.9
January,Ahmedabad,Orient Green,403.2,7.9
June,Ahmedabad,Tata Power Company Ltd.,1473,7.9
September,Ahmedabad,Adani Power Ltd.,734.4,7.9
September,Ahmedabad,Indowind Energy,1033.2,7.9
September,Ahmedabad,Adani Power Ltd.,750,7.9
June,Ahmedabad,Orient Green,2316,7.9
August,Ahmedabad,Indowind Energy,1014,7.9
June,Ahmedabad,Orient Green,1503,7.9
May,Ahmedabad,Reliance Energy,1368,7.9
November,Ahmedabad,Tata Power Company Ltd.,344,7.9
December,Ahmedabad,Tata Power Company Ltd.,453.6,7.9
September,Ahmedabad,Orient Green,720,7.9
December,Ahmedabad,Reliance Energy,408,7.9
June,Ahmedabad,Tata Power Company Ltd.,1734,7.9
January,Ahmedabad,Indowind Energy,461.6,7.9
July,Ahmedabad,Orient Green,1488,7.9
May,Ahmedabad,Tata Power Company Ltd.,802,7.9
January,Ahmedabad,Adani Power Ltd.,264.8,7.9
June,Ahmedabad,Orient Green,3330,7.9
February,Ahmedabad,Tata Power Company Ltd.,604.8,7.9
January,Ahmedabad,Tata Power Company Ltd.,1017.6,7.9
July,Ahmedabad,Indowind Energy,2904,7.9
January,Ahmedabad,Indowind Energy,1032,7.9
March,Ahmedabad,Orient Green,998,7.9
January,Ahmedabad,Adani Power Ltd.,716.8,7.9
January,Ahmedabad,Tata Power Company Ltd.,1259.2,7.9
December,Ahmedabad,Adani Power Ltd.,592,7.9
April,Ahmedabad,Reliance Energy,1749,7.9
August,Ahmedabad,Tata Power Company Ltd.,1959,7.9
August,Ahmedabad,Indowind Energy,1833,7.9
December,Ahmedabad,Tata Power Company Ltd.,926.4,7.9
August,Ahmedabad,Tata Power Company Ltd.,2211,7.9
May,Ahmedabad,Indowind Energy,2060,7.9
June,Ahmedabad,Tata Power Company Ltd.,2580,7.9
May,Ahmedabad,Adani Power Ltd.,2240,7.9
November,Ahmedabad,Reliance Energy,1003.2,7.9
August,Ahmedabad,Indowind Energy,1344,7.9
October,Ahmedabad,Reliance Energy,1466,7.9
January,Ahmedabad,Adani Power Ltd.,697.6,7.9
October,Ahmedabad,Indowind Energy,1366,7.9
September,Ahmedabad,Reliance Energy,1154.4,7.9
January,Ahmedabad,Indowind Energy,560,7.9
February,Ahmedabad,Tata Power Company Ltd.,364.8,7.9
June,Ahmedabad,Orient Green,2196,7.9
December,Ahmedabad,Adani Power Ltd.,937.6,7.9
February,Ahmedabad,Orient Green,944,7.9
April,Ahmedabad,Reliance Energy,1830,7.9
September,Ahmedabad,Tata Power Company Ltd.,1279.2,7.9
September,Ahmedabad,Adani Power Ltd.,1543.2,7.9
April,Ahmedabad,Orient Green,966,7.9
July,Ahmedabad,Indowind Energy,3624,7.9
June,Ahmedabad,Orient Green,2856,7.9
November,Ahmedabad,Adani Power Ltd.,798.4,7.9
October,Ahmedabad,Indowind Energy,1416,7.9
December,Ahmedabad,Tata Power Company Ltd.,912,7.9
March,Ahmedabad,Indowind Energy,914,7.9
August,Ahmedabad,Indowind Energy,1218,7.9
February,Ahmedabad,Tata Power Company Ltd.,691.2,7.9
September,Ahmedabad,Orient Green,976.8,7.9
May,Ahmedabad,Orient Green,2196,7.9
June,Ahmedabad,Tata Power Company Ltd.,2742,7.9
November,Ahmedabad,Adani Power Ltd.,384,7.9
March,Ahmedabad,Orient Green,1394,7.9
December,Ahmedabad,Tata Power Company Ltd.,1049.6,7.9
February,Ahmedabad,Indowind Energy,1136,7.9
September,Ahmedabad,Orient Green,1101.6,7.9
April,Ahmedabad,Indowind Energy,1494,7.9
February,Ahmedabad,Adani Power Ltd.,745.6,7.9
July,Ahmedabad,Orient Green,2196,7.9
August,Ahmedabad,Orient Green,1086,7.9
April,Ahmedabad,Tata Power Company Ltd.,1659,7.9
May,Ahmedabad,Tata Power Company Ltd.,1060,7.9
July,Ahmedabad,Indowind Energy,3618,7.9
November,Ahmedabad,Indowind Energy,904,7.9
July,Ahmedabad,Indowind Energy,2838,7.9
December,Ahmedabad,Tata Power Company Ltd.,590.4,7.9
August,Ahmedabad,Tata Power Company Ltd.,1224,7.9
July,Ahmedabad,Adani Power Ltd.,3162,7.9
August,Ahmedabad,Reliance Energy,2061,7.9
March,Ahmedabad,Indowind Energy,1204,7.9
July,Ahmedabad,Tata Power Company Ltd.,3774,7.9
September,Ahmedabad,Tata Power Company Ltd.,1082.4,7.9
June,Ahmedabad,Indowind Energy,3600,7.9
April,Ahmedabad,Indowind Energy,1464,7.9
February,Ahmedabad,Reliance Energy,636.8,7.9
November,Ahmedabad,Reliance Energy,950.4,7.9
June,Ahmedabad,Indowind Energy,2412,7.9
May,Ahmedabad,Orient Green,1140,7.9
August,Ahmedabad,Tata Power Company Ltd.,1320,7.9
November,Ahmedabad,Reliance Energy,1150.4,7.9
March,Ahmedabad,Tata Power Company Ltd.,1188,7.9
August,Ahmedabad,Reliance Energy,1695,7.9
July,Ahmedabad,Adani Power Ltd.,3876,7.9
October,Ahmedabad,Tata Power Company Ltd.,1196,7.9
August,Ahmedabad,Reliance Energy,1563,7.9
July,Ahmedabad,Tata Power Company Ltd.,3282,7.9
July,Ahmedabad,Indowind Energy,2784,7.9
October,Ahmedabad,Tata Power Company Ltd.,1178,7.9
August,Ahmedabad,Orient Green,1452,7.9
June,Ahmedabad,Reliance Energy,3444,7.9
September,Ahmedabad,Tata Power Company Ltd.,1521.6,7.9
October,Ahmedabad,Indowind Energy,896,7.9
December,Ahmedabad,Orient Green,1009.6,7.9
February,Ahmedabad,Adani Power Ltd.,329.6,7.9
March,Ahmedabad,Indowind Energy,712,7.9
May,Ahmedabad,Tata Power Company Ltd.,2296,7.9
November,Ahmedabad,Orient Green,1008,7.9
April,Ahmedabad,Tata Power Company Ltd.,2304,7.9
July,Ahmedabad,Orient Green,2682,7.9
September,Ahmedabad,Indowind Energy,936,7.9
July,Ahmedabad,Orient Green,3108,7.9
July,Ahmedabad,Tata Power Company Ltd.,2934,7.9
November,Ahmedabad,Tata Power Company Ltd.,1001.6,7.9
December,Ahmedabad,Tata Power Company Ltd.,875.2,7.9
May,Ahmedabad,Orient Green,2712,7.9
February,Ahmedabad,Indowind Energy,667.2,7.9
May,Ahmedabad,Orient Green,1592,7.9
February,Ahmedabad,Adani Power Ltd.,822.4,7.9
September,Ahmedabad,Tata Power Company Ltd.,952.8,7.9
January,Ahmedabad,Reliance Energy,515.2,7.9
February,Ahmedabad,Indowind Energy,894.4,7.9
September,Ahmedabad,Orient Green,1394.4,7.9
December,Ahmedabad,Indowind Energy,740.8,7.9
January,Ahmedabad,Tata Power Company Ltd.,1043.2,7.9
May,Ahmedabad,Orient Green,1632,7.9
January,Ahmedabad,Adani Power Ltd.,995.2,7.9
January,Ahmedabad,Orient Green,529.6,7.9
February,Ahmedabad,Adani Power Ltd.,414.4,7.9
December,Ahmedabad,Tata Power Company Ltd.,1182.4,7.9
June,Ahmedabad,Orient Green,3594,7.9
September,Ahmedabad,Tata Power Company Ltd.,1543.2,7.9
December,Ahmedabad,Indowind Energy,777.6,7.9
June,Ahmedabad,Adani Power Ltd.,3900,7.9
July,Ahmedabad,Adani Power Ltd.,2508,7.9
May,Ahmedabad,Orient Green,1216,7.9
August,Ahmedabad,Adani Power Ltd.,2082,7.9
May,Ahmedabad,Adani Power Ltd.,1436,7.9
April,Ahmedabad,Orient Green,1371,7.9
July,Ahmedabad,Adani Power Ltd.,2610,7.9
May,Ahmedabad,Adani Power Ltd.,2484,7.9
April,Ahmedabad,Adani Power Ltd.,1599,7.9
October,Ahmedabad,Indowind Energy,1304,7.9
August,Ahmedabad,Adani Power Ltd.,1554,7.9
March,Ahmedabad,Indowind Energy,1304,7.9
August,Ahmedabad,Reliance Energy,1158,7.9
June,Ahmedabad,Orient Green,2952,7.9
August,Ahmedabad,Indowind Energy,720,7.9
March,Ahmedabad,Tata Power Company Ltd.,962,7.9
March,Ahmedabad,Tata Power Company Ltd.,1304,7.9
April,Ahmedabad,Indowind Energy,1107,7.9
April,Ahmedabad,Adani Power Ltd.,1929,7.9
November,Ahmedabad,Tata Power Company Ltd.,921.6,7.9
January,Ahmedabad,Reliance Energy,883.2,7.9
February,Ahmedabad,Reliance Energy,675.2,7.9
December,Ahmedabad,Adani Power Ltd.,742.4,7.9
December,Ahmedabad,Reliance Energy,988.8,7.9
June,Ahmedabad,Tata Power Company Ltd.,4368,7.9
March,Ahmedabad,Adani Power Ltd.,906,7.9
April,Ahmedabad,Adani Power Ltd.,1884,7.9
January,Ahmedabad,Indowind Energy,803.2,7.9
August,Ahmedabad,Orient Green,1608,7.9
April,Ahmedabad,Indowind Energy,1854,7.9
June,Ahmedabad,Adani Power Ltd.,1950,7.9
March,Ahmedabad,Reliance Energy,716,7.9
April,Ahmedabad,Reliance Energy,1173,7.9
April,Ahmedabad,Orient Green,1350,7.9
December,Ahmedabad,Indowind Energy,694.4,7.9
July,Ahmedabad,Tata Power Company Ltd.,2682,7.9
October,Ahmedabad,Indowind Energy,1146,7.9
December,Ahmedabad,Tata Power Company Ltd.,969.6,7.9
April,Ahmedabad,Adani Power Ltd.,1611,7.9
April,Ahmedabad,Indowind Energy,1638,7.9
December,Ahmedabad,Indowind Energy,756.8,7.9
January,Ahmedabad,Reliance Energy,1052.8,7.9
September,Ahmedabad,Indowind Energy,945.6,7.9
January,Ahmedabad,Reliance Energy,993.6,7.9
April,Ahmedabad,Tata Power Company Ltd.,1650,7.9
August,Ahmedabad,Tata Power Company Ltd.,1197,7.9
November,Ahmedabad,Tata Power Company Ltd.,644.8,7.9
June,Ahmedabad,Indowind Energy,3132,7.9
May,Ahmedabad,Reliance Energy,1084,7.9
March,Ahmedabad,Indowind Energy,1222,7.9
September,Ahmedabad,Reliance Energy,1087.2,7.9
September,Ahmedabad,Adani Power Ltd.,1293.6,7.9
January,Ahmedabad,Reliance Energy,651.2,7.9
April,Ahmedabad,Indowind Energy,1419,7.9
March,Ahmedabad,Tata Power Company Ltd.,1470,7.9
October,Ahmedabad,Indowind Energy,610,7.9
September,Ahmedabad,Orient Green,1382.4,7.9
January,Ahmedabad,Orient Green,676.8,7.9
November,Ahmedabad,Adani Power Ltd.,884.8,7.9
October,Ahmedabad,Tata Power Company Ltd.,942,7.9
March,Ahmedabad,Indowind Energy,1000,7.9
February,Ahmedabad,Reliance Energy,899.2,7.9
February,Ahmedabad,Tata Power Company Ltd.,656,7.9
March,Ahmedabad,Adani Power Ltd.,1168,7.9
February,Ahmedabad,Reliance Energy,814.4,7.9
March,Ahmedabad,Orient Green,1268,7.9
July,Ahmedabad,Adani Power Ltd.,3432,7.9
February,Ahmedabad,Orient Green,787.2,7.9
February,Ahmedabad,Reliance Energy,766.4,7.9
December,Ahmedabad,Adani Power Ltd.,704,7.9
April,Ahmedabad,Adani Power Ltd.,1848,7.9
February,Ahmedabad,Reliance Energy,1041.6,7.9
May,Ahmedabad,Orient Green,1544,7.9
April,Ahmedabad,Indowind Energy,1995,7.9
March,Ahmedabad,Reliance Energy,1150,7.9
March,Ahmedabad,Reliance Energy,976,7.9
July,Ahmedabad,Indowind Energy,5220,7.9
March,Ahmedabad,Reliance Energy,1090,7.9
April,Ahmedabad,Tata Power Company Ltd.,1449,7.9
December,Ahmedabad,Orient Green,380.8,7.9
August,Ahmedabad,Reliance Energy,1929,7.9
April,Ahmedabad,Indowind Energy,1476,7.9
August,Ahmedabad,Orient Green,1563,7.9
February,Ahmedabad,Orient Green,920,7.9
April,Ahmedabad,Reliance Energy,897,7.9
June,Ahmedabad,Tata Power Company Ltd.,2070,7.9
January,Ahmedabad,Orient Green,1339.2,7.9
May,Ahmedabad,Indowind Energy,2200,7.9
August,Ahmedabad,Indowind Energy,1149,7.9
March,Ahmedabad,Adani Power Ltd.,890,7.9
September,Ahmedabad,Orient Green,590.4,7.9
October,Ahmedabad,Indowind Energy,1016,7.9
February,Ahmedabad,Adani Power Ltd.,867.2,7.9
May,Ahmedabad,Adani Power Ltd.,2572,7.9
March,Ahmedabad,Adani Power Ltd.,670,7.9
December,Ahmedabad,Indowind Energy,577.6,7.9
July,Ahmedabad,Orient Green,4332,7.9
September,Ahmedabad,Orient Green,1291.2,7.9
January,Ahmedabad,Reliance Energy,660.8,7.9
July,Ahmedabad,Tata Power Company Ltd.,3204,7.9
March,Ahmedabad,Reliance Energy,940,7.9
January,Ahmedabad,Indowind Energy,880,7.9
November,Ahmedabad,Indowind Energy,825.6,7.9
December,Ahmedabad,Tata Power Company Ltd.,771.2,7.9
March,Ahmedabad,Indowind Energy,712,7.9
December,Ahmedabad,Reliance Energy,944,7.9
November,Ahmedabad,Orient Green,1027.2,7.9
December,Ahmedabad,Indowind Energy,710.4,7.9
April,Ahmedabad,Reliance Energy,1296,7.9
October,Ahmedabad,Reliance Energy,1420,7.9
August,Ahmedabad,Orient Green,1887,7.9
February,Ahmedabad,Orient Green,572.8,7.9
March,Ahmedabad,Indowind Energy,998,7.9
June,Ahmedabad,Tata Power Company Ltd.,2730,7.9
November,Ahmedabad,Tata Power Company Ltd.,788.8,7.9
May,Ahmedabad,Indowind Energy,3116,7.9
January,Ahmedabad,Adani Power Ltd.,1017.6,7.9
April,Ahmedabad,Indowind Energy,1896,7.9
May,Ahmedabad,Adani Power Ltd.,1016,7.9
January,Ahmedabad,Reliance Energy,875.2,7.9
January,Ahmedabad,Reliance Energy,552,7.9
May,Ahmedabad,Adani Power Ltd.,3508,7.9
September,Ahmedabad,Adani Power Ltd.,710.4,7.9
May,Ahmedabad,Orient Green,1932,7.9
November,Ahmedabad,Tata Power Company Ltd.,971.2,7.9
December,Ahmedabad,Reliance Energy,1120,7.9
November,Ahmedabad,Tata Power Company Ltd.,897.6,7.9
October,Ahmedabad,Adani Power Ltd.,1108,7.9
May,Ahmedabad,Adani Power Ltd.,2664,7.9
January,Ahmedabad,Indowind Energy,1060.8,7.9
July,Ahmedabad,Adani Power Ltd.,3072,7.9
March,Ahmedabad,Tata Power Company Ltd.,958,7.9
April,Ahmedabad,Orient Green,2040,7.9
January,Ahmedabad,Reliance Energy,771.2,7.9
July,Ahmedabad,Indowind Energy,3072,7.9
December,Ahmedabad,Indowind Energy,1044.8,7.9
July,Ahmedabad,Orient Green,3762,7.9
January,Ahmedabad,Adani Power Ltd.,694.4,7.9
November,Ahmedabad,Orient Green,611.2,7.9
August,Ahmedabad,Orient Green,1842,7.9
January,Ahmedabad,Orient Green,881.6,7.9
January,Ahmedabad,Indowind Energy,753.6,7.9
December,Ahmedabad,Tata Power Company Ltd.,969.6,7.9
October,Ahmedabad,Adani Power Ltd.,1168,7.9
May,Ahmedabad,Orient Green,2148,7.9
July,Ahmedabad,Indowind Energy,2298,7.9
September,Ahmedabad,Orient Green,1442.4,7.9
November,Ahmedabad,Adani Power Ltd.,875.2,7.9
September,Ahmedabad,Indowind Energy,1521.6,7.9
November,Ahmedabad,Reliance Energy,484.8,7.9
February,Ahmedabad,Indowind Energy,985.6,7.9
December,Ahmedabad,Adani Power Ltd.,1064,7.9
February,Ahmedabad,Tata Power Company Ltd.,729.6,7.9
August,Ahmedabad,Adani Power Ltd.,2223,7.9
September,Ahmedabad,Reliance Energy,1704,7.9
November,Ahmedabad,Tata Power Company Ltd.,696,7.9
August,Ahmedabad,Indowind Energy,2019,7.9
June,Ahmedabad,Indowind Energy,2712,7.9
July,Ahmedabad,Tata Power Company Ltd.,1608,7.9
August,Ahmedabad,Tata Power Company Ltd.,1563,7.9
January,Ahmedabad,Tata Power Company Ltd.,865.6,7.9
October,Ahmedabad,Reliance Energy,962,7.9
August,Ahmedabad,Orient Green,1623,7.9
February,Ahmedabad,Orient Green,836.8,7.9
October,Ahmedabad,Indowind Energy,562,7.9
February,Ahmedabad,Indowind Energy,720,7.9
October,Ahmedabad,Reliance Energy,902,7.9
October,Ahmedabad,Tata Power Company Ltd.,918,7.9
November,Ahmedabad,Orient Green,1062.4,7.9
February,Ahmedabad,Reliance Energy,720,7.9
October,Ahmedabad,Tata Power Company Ltd.,1006,7.9
April,Ahmedabad,Orient Green,903,7.9
August,Ahmedabad,Adani Power Ltd.,1680,7.9
January,Ahmedabad,Orient Green,561.6,7.9
September,Ahmedabad,Adani Power Ltd.,1476,7.9
December,Ahmedabad,Indowind Energy,958.4,7.9
October,Ahmedabad,Reliance Energy,1522,7.9
September,Ahmedabad,Orient Green,1065.6,7.9
September,Ahmedabad,Orient Green,1548,7.9
June,Ahmedabad,Orient Green,3726,7.9
September,Ahmedabad,Tata Power Company Ltd.,1833.6,7.9
May,Chennai,Tata Power Company Ltd.,493.5,8.8
July,Chennai,Indowind Energy,1044.75,8.8
February,Chennai,Adani Power Ltd.,351.4,8.8
July,Chennai,Orient Green,903,8.8
October,Chennai,Adani Power Ltd.,489.125,8.8
November,Chennai,Adani Power Ltd.,317.8,8.8
September,Chennai,Orient Green,756,8.8
August,Chennai,Orient Green,765.1875,8.8
April,Chennai,Reliance Energy,555.1875,8.8
January,Chennai,Reliance Energy,415.8,8.8
July,Chennai,Reliance Energy,816.375,8.8
July,Chennai,Orient Green,1162.875,8.8
November,Chennai,Tata Power Company Ltd.,248.5,8.8
June,Chennai,Indowind Energy,1897.875,8.8
July,Chennai,Reliance Energy,1107.75,8.8
December,Chennai,Orient Green,263.2,8.8
December,Chennai,Reliance Energy,365.4,8.8
December,Chennai,Indowind Energy,483.7,8.8
April,Chennai,Reliance Energy,679.875,8.8
April,Chennai,Adani Power Ltd.,619.5,8.8
January,Chennai,Reliance Energy,277.9,8.8
May,Chennai,Indowind Energy,873.25,8.8
October,Chennai,Orient Green,608.125,8.8
July,Chennai,Orient Green,981.75,8.8
November,Chennai,Adani Power Ltd.,301.7,8.8
April,Chennai,Adani Power Ltd.,643.125,8.8
July,Chennai,Adani Power Ltd.,1170.75,8.8
August,Chennai,Orient Green,591.9375,8.8
February,Chennai,Indowind Energy,203.7,8.8
December,Chennai,Indowind Energy,381.5,8.8
February,Chennai,Orient Green,355.6,8.8
January,Chennai,Tata Power Company Ltd.,361.9,8.8
January,Chennai,Orient Green,344.4,8.8
October,Chennai,Adani Power Ltd.,417.375,8.8
June,Chennai,Orient Green,1496.25,8.8
June,Chennai,Indowind Energy,1309.875,8.8
September,Chennai,Adani Power Ltd.,618.45,8.8
January,Chennai,Adani Power Ltd.,229.6,8.8
June,Chennai,Tata Power Company Ltd.,2189.25,8.8
August,Chennai,Tata Power Company Ltd.,591.9375,8.8
May,Chennai,Tata Power Company Ltd.,708.75,8.8
September,Chennai,Orient Green,291.9,8.8
February,Chennai,Indowind Energy,453.6,8.8
September,Chennai,Indowind Energy,410.55,8.8
January,Chennai,Indowind Energy,345.1,8.8
October,Chennai,Orient Green,471.625,8.8
November,Chennai,Adani Power Ltd.,257.6,8.8
March,Chennai,Indowind Energy,434,8.8
June,Chennai,Reliance Energy,1556.625,8.8
January,Chennai,Reliance Energy,342.3,8.8
May,Chennai,Reliance Energy,841.75,8.8
January,Chennai,Adani Power Ltd.,271.6,8.8
August,Chennai,Adani Power Ltd.,796.6875,8.8
August,Chennai,Indowind Energy,557.8125,8.8
January,Chennai,Orient Green,388.5,8.8
December,Chennai,Reliance Energy,334.6,8.8
January,Chennai,Indowind Energy,196.7,8.8
March,Chennai,Reliance Energy,387.625,8.8
November,Chennai,Indowind Energy,567.7,8.8
February,Chennai,Reliance Energy,423.5,8.8
June,Chennai,Tata Power Company Ltd.,1254.75,8.8
February,Chennai,Adani Power Ltd.,334.6,8.8
March,Chennai,Orient Green,252,8.8
August,Chennai,Reliance Energy,698.25,8.8
February,Chennai,Indowind Energy,271.6,8.8
March,Chennai,Adani Power Ltd.,531.125,8.8
March,Chennai,Orient Green,391.125,8.8
August,Chennai,Indowind Energy,829.5,8.8
November,Chennai,Reliance Energy,448.7,8.8
February,Chennai,Indowind Energy,358.4,8.8
May,Chennai,Reliance Energy,894.25,8.8
July,Chennai,Adani Power Ltd.,1454.25,8.8
October,Chennai,Indowind Energy,560.875,8.8
October,Chennai,Adani Power Ltd.,522.375,8.8
September,Chennai,Tata Power Company Ltd.,709.8,8.8
July,Chennai,Adani Power Ltd.,1459.5,8.8
February,Chennai,Reliance Energy,293.3,8.8
December,Chennai,Adani Power Ltd.,535.5,8.8
July,Chennai,Indowind Energy,1404.375,8.8
October,Chennai,Tata Power Company Ltd.,418.25,8.8
August,Chennai,Tata Power Company Ltd.,511.875,8.8
January,Chennai,Tata Power Company Ltd.,273,8.8
April,Chennai,Adani Power Ltd.,780.9375,8.8
December,Chennai,Orient Green,174.3,8.8
January,Chennai,Indowind Energy,516.6,8.8
March,Chennai,Reliance Energy,293.125,8.8
January,Chennai,Orient Green,198.1,8.8
July,Chennai,Tata Power Company Ltd.,1023.75,8.8
January,Chennai,Reliance Energy,399.7,8.8
April,Chennai,Reliance Energy,735,8.8
September,Chennai,Tata Power Company Ltd.,686.7,8.8
February,Chennai,Orient Green,385.7,8.8
July,Chennai,Orient Green,1344,8.8
January,Chennai,Orient Green,610.4,8.8
July,Chennai,Reliance Energy,979.125,8.8
July,Chennai,Reliance Energy,1260,8.8
August,Chennai,Indowind Energy,591.9375,8.8
November,Chennai,Adani Power Ltd.,382.2,8.8
January,Chennai,Indowind Energy,399.7,8.8
January,Chennai,Adani Power Ltd.,287,8.8
January,Chennai,Reliance Energy,256.9,8.8
July,Chennai,Orient Green,1220.625,8.8
January,Chennai,Reliance Energy,242.2,8.8
August,Chennai,Tata Power Company Ltd.,459.375,8.8
December,Chennai,Orient Green,386.4,8.8
January,Chennai,Adani Power Ltd.,298.9,8.8
December,Chennai,Adani Power Ltd.,277.9,8.8
May,Chennai,Reliance Energy,945,8.8
September,Chennai,Tata Power Company Ltd.,420,8.8
September,Chennai,Orient Green,674.1,8.8
September,Chennai,Tata Power Company Ltd.,295.05,8.8
September,Chennai,Tata Power Company Ltd.,579.6,8.8
August,Chennai,Reliance Energy,616.875,8.8
January,Chennai,Reliance Energy,383.6,8.8
December,Chennai,Tata Power Company Ltd.,235.2,8.8
March,Chennai,Indowind Energy,360.5,8.8
December,Chennai,Orient Green,311.5,8.8
June,Chennai,Adani Power Ltd.,981.75,8.8
October,Chennai,Orient Green,564.375,8.8
July,Chennai,Orient Green,1021.125,8.8
July,Chennai,Adani Power Ltd.,1052.625,8.8
April,Chennai,Orient Green,721.875,8.8
January,Chennai,Adani Power Ltd.,340.9,8.8
September,Chennai,Orient Green,332.85,8.8
February,Chennai,Tata Power Company Ltd.,320.6,8.8
September,Chennai,Tata Power Company Ltd.,427.35,8.8
December,Chennai,Tata Power Company Ltd.,368.9,8.8
December,Chennai,Adani Power Ltd.,427.7,8.8
February,Chennai,Tata Power Company Ltd.,353.5,8.8
December,Chennai,Tata Power Company Ltd.,474.6,8.8
November,Chennai,Tata Power Company Ltd.,399.7,8.8
February,Chennai,Orient Green,380.1,8.8
August,Chennai,Tata Power Company Ltd.,532.875,8.8
November,Chennai,Indowind Energy,452.2,8.8
May,Chennai,Tata Power Company Ltd.,537.25,8.8
September,Chennai,Orient Green,520.8,8.8
February,Chennai,Indowind Energy,398.3,8.8
June,Chennai,Tata Power Company Ltd.,1722,8.8
June,Chennai,Orient Green,2709,8.8
October,Chennai,Reliance Energy,929.25,8.8
October,Chennai,Adani Power Ltd.,1032.5,8.8
July,Chennai,Adani Power Ltd.,2031.75,8.8
March,Chennai,Indowind Energy,1093.75,8.8
March,Chennai,Orient Green,789.25,8.8
January,Chennai,Reliance Energy,1057,8.8
November,Chennai,Indowind Energy,718.2,8.8
October,Chennai,Tata Power Company Ltd.,1177.75,8.8
September,Chennai,Reliance Energy,554.4,8.8
August,Chennai,Tata Power Company Ltd.,1729.875,8.8
May,Chennai,Adani Power Ltd.,1694,8.8
March,Chennai,Orient Green,1193.5,8.8
September,Chennai,Indowind Energy,1203.3,8.8
November,Chennai,Reliance Energy,399,8.8
April,Chennai,Tata Power Company Ltd.,1152.375,8.8
August,Chennai,Tata Power Company Ltd.,1648.5,8.8
November,Chennai,Adani Power Ltd.,610.4,8.8
September,Chennai,Tata Power Company Ltd.,949.2,8.8
May,Chennai,Adani Power Ltd.,1841,8.8
January,Chennai,Indowind Energy,1016.4,8.8
April,Chennai,Tata Power Company Ltd.,1086.75,8.8
May,Chennai,Indowind Energy,1284.5,8.8
July,Chennai,Adani Power Ltd.,3528,8.8
October,Chennai,Orient Green,1216.25,8.8
February,Chennai,Orient Green,744.8,8.8
January,Chennai,Tata Power Company Ltd.,908.6,8.8
November,Chennai,Reliance Energy,646.8,8.8
July,Chennai,Adani Power Ltd.,2231.25,8.8
July,Chennai,Tata Power Company Ltd.,3008.25,8.8
November,Chennai,Reliance Energy,826,8.8
January,Chennai,Indowind Energy,483,8.8
April,Chennai,Indowind Energy,1412.25,8.8
March,Chennai,Tata Power Company Ltd.,1043,8.8
June,Chennai,Reliance Energy,2651.25,8.8
October,Chennai,Tata Power Company Ltd.,766.5,8.8
September,Chennai,Indowind Energy,1152.9,8.8
March,Chennai,Tata Power Company Ltd.,365.75,8.8
September,Chennai,Reliance Energy,882,8.8
February,Chennai,Tata Power Company Ltd.,655.2,8.8
January,Chennai,Adani Power Ltd.,732.2,8.8
June,Chennai,Reliance Energy,2934.75,8.8
January,Chennai,Reliance Energy,1090.6,8.8
May,Chennai,Adani Power Ltd.,2341.5,8.8
January,Chennai,Adani Power Ltd.,445.2,8.8
August,Chennai,Orient Green,1829.625,8.8
November,Chennai,Orient Green,641.2,8.8
December,Chennai,Tata Power Company Ltd.,733.6,8.8
July,Chennai,Tata Power Company Ltd.,2856,8.8
May,Chennai,Tata Power Company Ltd.,2096.5,8.8
May,Chennai,Orient Green,1575,8.8
December,Chennai,Orient Green,904.4,8.8
April,Chennai,Tata Power Company Ltd.,1257.375,8.8
April,Chennai,Adani Power Ltd.,1630.125,8.8
May,Chennai,Indowind Energy,1893.5,8.8
January,Chennai,Reliance Energy,971.6,8.8
March,Chennai,Orient Green,649.25,8.8
September,Chennai,Orient Green,1388.1,8.8
July,Chennai,Reliance Energy,2640.75,8.8
May,Chennai,Adani Power Ltd.,1428,8.8
March,Chennai,Tata Power Company Ltd.,1064,8.8
September,Chennai,Adani Power Ltd.,1220.1,8.8
March,Chennai,Indowind Energy,1240.75,8.8
December,Chennai,Indowind Energy,530.6,8.8
August,Chennai,Tata Power Company Ltd.,1160.25,8.8
March,Chennai,Indowind Energy,896,8.8
August,Chennai,Tata Power Company Ltd.,1099.875,8.8
August,Chennai,Indowind Energy,690.375,8.8
November,Chennai,Tata Power Company Ltd.,831.6,8.8
February,Chennai,Adani Power Ltd.,515.2,8.8
June,Chennai,Orient Green,3307.5,8.8
June,Chennai,Adani Power Ltd.,2688,8.8
August,Chennai,Adani Power Ltd.,1420.125,8.8
January,Chennai,Reliance Energy,946.4,8.8
March,Chennai,Reliance Energy,1174.25,8.8
July,Chennai,Adani Power Ltd.,3948,8.8
August,Chennai,Tata Power Company Ltd.,1228.5,8.8
April,Chennai,Indowind Energy,1191.75,8.8
February,Chennai,Adani Power Ltd.,462,8.8
April,Chennai,Orient Green,1572.375,8.8
February,Chennai,Orient Green,756,8.8
September,Chennai,Orient Green,1247.4,8.8
June,Chennai,Adani Power Ltd.,2803.5,8.8
April,Chennai,Orient Green,1388.625,8.8
February,Chennai,Reliance Energy,554.4,8.8
March,Chennai,Orient Green,855.75,8.8
November,Chennai,Tata Power Company Ltd.,820.4,8.8
April,Chennai,Reliance Energy,1181.25,8.8
January,Chennai,Indowind Energy,555.8,8.8
April,Chennai,Tata Power Company Ltd.,1585.5,8.8
March,Chennai,Indowind Energy,1025.5,8.8
February,Chennai,Tata Power Company Ltd.,634.2,8.8
October,Chennai,Orient Green,985.25,8.8
June,Chennai,Indowind Energy,3717,8.8
September,Chennai,Tata Power Company Ltd.,1125.6,8.8
April,Chennai,Orient Green,1252.125,8.8
October,Chennai,Orient Green,1076.25,8.8
January,Chennai,Orient Green,1220.8,8.8
June,Chennai,Adani Power Ltd.,2462.25,8.8
September,Chennai,Reliance Energy,1085.7,8.8
September,Chennai,Indowind Energy,802.2,8.8
March,Chennai,Indowind Energy,722.75,8.8
June,Chennai,Reliance Energy,1606.5,8.8
June,Chennai,Reliance Energy,2373,8.8
December,Chennai,Indowind Energy,789.6,8.8
April,Chennai,Reliance Energy,674.625,8.8
July,Chennai,Adani Power Ltd.,2703.75,8.8
December,Chennai,Reliance Energy,782.6,8.8
February,Chennai,Tata Power Company Ltd.,736.4,8.8
January,Chennai,Adani Power Ltd.,831.6,8.8
September,Chennai,Orient Green,1127.7,8.8
May,Chennai,Reliance Energy,1484,8.8
April,Chennai,Indowind Energy,1414.875,8.8
December,Chennai,Tata Power Company Ltd.,637,8.8
October,Chennai,Indowind Energy,532,8.8
August,Chennai,Tata Power Company Ltd.,1580.25,8.8
March,Chennai,Indowind Energy,869.75,8.8
November,Chennai,Reliance Energy,740.6,8.8
December,Chennai,Adani Power Ltd.,715.4,8.8
June,Chennai,Indowind Energy,1611.75,8.8
May,Chennai,Adani Power Ltd.,1543.5,8.8
September,Chennai,Adani Power Ltd.,1018.5,8.8
October,Chennai,Tata Power Company Ltd.,1023.75,8.8
December,Chennai,Tata Power Company Ltd.,497,8.8
November,Chennai,Indowind Energy,638.4,8.8
December,Chennai,Adani Power Ltd.,439.6,8.8
January,Chennai,Tata Power Company Ltd.,933.8,8.8
May,Chennai,Reliance Energy,2086,8.8
February,Chennai,Orient Green,781.2,8.8
December,Chennai,Tata Power Company Ltd.,645.4,8.8
October,Chennai,Tata Power Company Ltd.,959,8.8
February,Chennai,Reliance Energy,623,8.8
November,Chennai,Tata Power Company Ltd.,1057,8.8
January,Chennai,Reliance Energy,665,8.8
May,Chennai,Tata Power Company Ltd.,1904,8.8
October,Chennai,Indowind Energy,1081.5,8.8
March,Chennai,Reliance Energy,1174.25,8.8
July,Chennai,Reliance Energy,2766.75,8.8
July,Chennai,Indowind Energy,2908.5,8.8
February,Chennai,Adani Power Ltd.,925.4,8.8
March,Chennai,Orient Green,1286.25,8.8
August,Chennai,Tata Power Company Ltd.,1136.625,8.8
April,Chennai,Orient Green,1535.625,8.8
January,Chennai,Indowind Energy,1010.8,8.8
August,Chennai,Orient Green,1078.875,8.8
March,Chennai,Indowind Energy,591.5,8.8
March,Chennai,Indowind Energy,794.5,8.8
April,Chennai,Tata Power Company Ltd.,1094.625,8.8
October,Chennai,Reliance Energy,931,8.8
April,Chennai,Orient Green,1666.875,8.8
September,Chennai,Adani Power Ltd.,1428,8.8
December,Chennai,Adani Power Ltd.,663.6,8.8
April,Chennai,Tata Power Company Ltd.,1294.125,8.8
April,Chennai,Reliance Energy,1244.25,8.8
June,Chennai,Adani Power Ltd.,2551.5,8.8
July,Chennai,Orient Green,2845.5,8.8
January,Chennai,Reliance Energy,880.6,8.8
August,Chennai,Indowind Energy,1900.5,8.8
February,Chennai,Indowind Energy,681.8,8.8
October,Chennai,Reliance Energy,931,8.8
November,Chennai,Indowind Energy,672,8.8
October,Chennai,Orient Green,675.5,8.8
March,Chennai,Reliance Energy,773.5,8.8
November,Chennai,Orient Green,779.8,8.8
June,Chennai,Reliance Energy,2152.5,8.8
September,Chennai,Tata Power Company Ltd.,1465.8,8.8
September,Chennai,Reliance Energy,1081.5,8.8
January,Chennai,Tata Power Company Ltd.,747.6,8.8
September,Chennai,Orient Green,1012.2,8.8
September,Chennai,Adani Power Ltd.,1054.2,8.8
December,Chennai,Orient Green,543.2,8.8
June,Chennai,Orient Green,2803.5,8.8
July,Chennai,Orient Green,2383.5,8.8
October,Chennai,Adani Power Ltd.,778.75,8.8
August,Chennai,Indowind Energy,1375.5,8.8
March,Chennai,Indowind Energy,561.75,8.8
September,Chennai,Orient Green,1432.2,8.8
August,Chennai,Tata Power Company Ltd.,1937.25,8.8
October,Chennai,Orient Green,787.5,8.8
June,Chennai,Adani Power Ltd.,2357.25,8.8
May,Chennai,Orient Green,2457,8.8
September,Chennai,Reliance Energy,1136.1,8.8
August,Chennai,Indowind Energy,997.5,8.8
June,Chennai,Tata Power Company Ltd.,3701.25,8.8
September,Chennai,Indowind Energy,1430.1,8.8
July,Chennai,Reliance Energy,2751,8.8
August,Chennai,Indowind Energy,1724.625,8.8
February,Chennai,Adani Power Ltd.,672,8.8
May,Chennai,Indowind Energy,2254,8.8
September,Chennai,Orient Green,1222.2,8.8
May,Chennai,Indowind Energy,1179.5,8.8
June,Chennai,Adani Power Ltd.,1984.5,8.8
October,Chennai,Indowind Energy,915.25,8.8
February,Chennai,Indowind Energy,730.8,8.8
August,Chennai,Reliance Energy,1653.75,8.8
March,Chennai,Reliance Energy,1113,8.8
February,Chennai,Adani Power Ltd.,810.6,8.8
December,Chennai,Orient Green,1044.4,8.8
March,Chennai,Adani Power Ltd.,997.5,8.8
March,Chennai,Tata Power Company Ltd.,904.75,8.8
July,Chennai,Tata Power Company Ltd.,3433.5,8.8
January,Chennai,Adani Power Ltd.,705.6,8.8
March,Chennai,Adani Power Ltd.,992.25,8.8
February,Chennai,Reliance Energy,778.4,8.8
September,Chennai,Tata Power Company Ltd.,1211.7,8.8
August,Chennai,Adani Power Ltd.,1323,8.8
May,Chennai,Adani Power Ltd.,1851.5,8.8
June,Chennai,Orient Green,3370.5,8.8
April,Chennai,Orient Green,1396.5,8.8
December,Chennai,Indowind Energy,652.4,8.8
February,Chennai,Adani Power Ltd.,448,8.8
July,Chennai,Reliance Energy,3801,8.8
September,Chennai,Reliance Energy,1453.2,8.8
November,Chennai,Adani Power Ltd.,970.2,8.8
July,Chennai,Tata Power Company Ltd.,2241.75,8.8
April,Chennai,Reliance Energy,1882.125,8.8
August,Chennai,Indowind Energy,1858.5,8.8
December,Chennai,Reliance Energy,756,8.8
May,Chennai,Tata Power Company Ltd.,2373,8.8
February,Chennai,Orient Green,476,8.8
May,Chennai,Adani Power Ltd.,2649.5,8.8
April,Chennai,Reliance Energy,1228.5,8.8
December,Chennai,Adani Power Ltd.,845.6,8.8
October,Chennai,Orient Green,1212.75,8.8
May,Chennai,Indowind Energy,1207.5,8.8
March,Chennai,Reliance Energy,1120,8.8
May,Chennai,Orient Green,1186.5,8.8
June,Chennai,Orient Green,2976.75,8.8
June,Chennai,Indowind Energy,2719.5,8.8
November,Chennai,Tata Power Company Ltd.,651,8.8
July,Chennai,Tata Power Company Ltd.,2236.5,8.8
September,Chennai,Reliance Energy,1140.3,8.8
November,Chennai,Reliance Energy,758.8,8.8
July,Chennai,Tata Power Company Ltd.,2178.75,8.8
July,Chennai,Tata Power Company Ltd.,2882.25,8.8
July,Chennai,Adani Power Ltd.,3344.25,8.8
July,Chennai,Orient Green,3822,8.8
January,Chennai,Adani Power Ltd.,800.8,8.8
October,Chennai,Orient Green,1018.5,8.8
July,Chennai,Indowind Energy,3034.5,8.8
October,Chennai,Reliance Energy,1125.25,8.8
March,Chennai,Indowind Energy,1025.5,8.8
July,Chennai,Reliance Energy,3585.75,8.8
March,Chennai,Indowind Energy,1064,8.8
January,Chennai,Orient Green,886.2,8.8
June,Chennai,Reliance Energy,2052.75,8.8
January,Chennai,Tata Power Company Ltd.,690.2,8.8
September,Chennai,Adani Power Ltd.,840,8.8
April,Chennai,Adani Power Ltd.,1246.875,8.8
September,Chennai,Adani Power Ltd.,888.3,8.8
August,Chennai,Orient Green,1128.75,8.8
February,Chennai,Reliance Energy,796.6,8.8
July,Chennai,Reliance Energy,2184,8.8
June,Chennai,Tata Power Company Ltd.,3270.75,8.8
March,Chennai,Adani Power Ltd.,733.25,8.8
February,Chennai,Adani Power Ltd.,583.8,8.8
June,Chennai,Tata Power Company Ltd.,2121,8.8
August,Chennai,Indowind Energy,1144.5,8.8
March,Chennai,Orient Green,1002.75,8.8
August,Chennai,Adani Power Ltd.,1281,8.8
February,Chennai,Reliance Energy,694.4,8.8
November,Chennai,Tata Power Company Ltd.,540.4,8.8
July,Chennai,Tata Power Company Ltd.,2630.25,8.8
October,Chennai,Orient Green,938,8.8
September,Chennai,Orient Green,945,8.8
August,Chennai,Indowind Energy,1470,8.8
September,Chennai,Tata Power Company Ltd.,1617,8.8
September,Chennai,Adani Power Ltd.,903,8.8
February,Chennai,Orient Green,656.6,8.8
May,Chennai,Tata Power Company Ltd.,1690.5,8.8
September,Chennai,Adani Power Ltd.,905.1,8.8
November,Chennai,Reliance Energy,681.8,8.8
February,Chennai,Reliance Energy,786.8,8.8
December,Chennai,Adani Power Ltd.,977.2,8.8
July,Chennai,Adani Power Ltd.,3580.5,8.8
February,Chennai,Reliance Energy,873.6,8.8
April,Chennai,Orient Green,1236.375,8.8
September,Chennai,Indowind Energy,1029,8.8
June,Chennai,Reliance Energy,2614.5,8.8
May,Chennai,Indowind Energy,1298.5,8.8
November,Chennai,Adani Power Ltd.,754.6,8.8
January,Chennai,Adani Power Ltd.,966,8.8
February,Chennai,Tata Power Company Ltd.,348.6,8.8
October,Chennai,Tata Power Company Ltd.,1139.25,8.8
August,Chennai,Tata Power Company Ltd.,774.375,8.8
October,Chennai,Tata Power Company Ltd.,936.25,8.8
March,Chennai,Indowind Energy,1060.5,8.8
November,Chennai,Indowind Energy,824.6,8.8
August,Chennai,Orient Green,1351.875,8.8
October,Chennai,Indowind Energy,1044.75,8.8
September,Dahej,Orient Green,626.22,7.6
December,Dahej,Indowind Energy,553.56,7.6
July,Dahej,Adani Power Ltd.,2312.1,7.6
April,Dahej,Reliance Energy,960.75,7.6
June,Dahej,Orient Green,1329.3,7.6
February,Dahej,Reliance Energy,466.2,7.6
May,Dahej,Tata Power Company Ltd.,1541.4,7.6
February,Dahej,Tata Power Company Ltd.,437.64,7.6
September,Dahej,Orient Green,768.6,7.6
May,Dahej,Tata Power Company Ltd.,1377.6,7.6
September,Dahej,Indowind Energy,771.12,7.6
September,Dahej,Tata Power Company Ltd.,637.56,7.6
August,Dahej,Indowind Energy,1059.975,7.6
April,Dahej,Adani Power Ltd.,685.125,7.6
January,Dahej,Indowind Energy,273.84,7.6
October,Dahej,Adani Power Ltd.,648.9,7.6
April,Dahej,Indowind Energy,826.875,7.6
September,Dahej,Reliance Energy,621.18,7.6
January,Dahej,Indowind Energy,368.76,7.6
December,Dahej,Adani Power Ltd.,399,7.6
January,Dahej,Adani Power Ltd.,500.64,7.6
September,Dahej,Reliance Energy,842.94,7.6
March,Dahej,Tata Power Company Ltd.,562.8,7.6
July,Dahej,Reliance Energy,1606.5,7.6
November,Dahej,Tata Power Company Ltd.,306.6,7.6
October,Dahej,Orient Green,456.75,7.6
June,Dahej,Reliance Energy,1562.4,7.6
March,Dahej,Indowind Energy,641.55,7.6
September,Dahej,Adani Power Ltd.,520.38,7.6
September,Dahej,Reliance Energy,924.84,7.6
August,Dahej,Orient Green,529.2,7.6
April,Dahej,Adani Power Ltd.,1097.775,7.6
February,Dahej,Adani Power Ltd.,531.72,7.6
April,Dahej,Adani Power Ltd.,878.85,7.6
June,Dahej,Indowind Energy,1313.55,7.6
August,Dahej,Adani Power Ltd.,848.925,7.6
April,Dahej,Orient Green,1154.475,7.6
November,Dahej,Reliance Energy,162.96,7.6
December,Dahej,Indowind Energy,567.84,7.6
August,Dahej,Indowind Energy,596.925,7.6
March,Dahej,Orient Green,295.05,7.6
August,Dahej,Indowind Energy,796.95,7.6
July,Dahej,Reliance Energy,1319.85,7.6
April,Dahej,Tata Power Company Ltd.,1003.275,7.6
June,Dahej,Indowind Energy,1578.15,7.6
March,Dahej,Orient Green,662.55,7.6
December,Dahej,Adani Power Ltd.,662.76,7.6
March,Dahej,Reliance Energy,517.65,7.6
October,Dahej,Indowind Energy,480.9,7.6
September,Dahej,Reliance Energy,916.02,7.6
February,Dahej,Reliance Energy,484.68,7.6
June,Dahej,Adani Power Ltd.,2050.65,7.6
September,Dahej,Reliance Energy,430.92,7.6
June,Dahej,Tata Power Company Ltd.,1827,7.6
November,Dahej,Reliance Energy,448.56,7.6
March,Dahej,Indowind Energy,570.15,7.6
January,Dahej,Orient Green,429.24,7.6
March,Dahej,Tata Power Company Ltd.,676.2,7.6
January,Dahej,Reliance Energy,413.28,7.6
February,Dahej,Reliance Energy,337.68,7.6
May,Dahej,Indowind Energy,1264.2,7.6
August,Dahej,Reliance Energy,954.45,7.6
January,Dahej,Adani Power Ltd.,304.08,7.6
September,Dahej,Reliance Energy,851.76,7.6
December,Dahej,Orient Green,419.16,7.6
January,Dahej,Adani Power Ltd.,583.8,7.6
November,Dahej,Indowind Energy,489.72,7.6
June,Dahej,Tata Power Company Ltd.,2022.3,7.6
April,Dahej,Reliance Energy,1071,7.6
September,Dahej,Orient Green,472.5,7.6
October,Dahej,Indowind Energy,447.3,7.6
October,Dahej,Adani Power Ltd.,554.4,7.6
August,Dahej,Reliance Energy,828.45,7.6
January,Dahej,Reliance Energy,467.04,7.6
March,Dahej,Tata Power Company Ltd.,583.8,7.6
May,Dahej,Adani Power Ltd.,1142.4,7.6
July,Dahej,Tata Power Company Ltd.,1707.3,7.6
June,Dahej,Reliance Energy,2028.6,7.6
June,Dahej,Tata Power Company Ltd.,2009.7,7.6
November,Dahej,Adani Power Ltd.,355.32,7.6
August,Dahej,Adani Power Ltd.,615.825,7.6
April,Dahej,Orient Green,785.925,7.6
March,Dahej,Tata Power Company Ltd.,626.85,7.6
August,Dahej,Reliance Energy,954.45,7.6
August,Dahej,Tata Power Company Ltd.,861.525,7.6
October,Dahej,Reliance Energy,455.7,7.6
February,Dahej,Orient Green,236.04,7.6
June,Dahej,Reliance Energy,856.8,7.6
July,Dahej,Orient Green,1105.65,7.6
January,Dahej,Reliance Energy,586.32,7.6
December,Dahej,Reliance Energy,556.08,7.6
December,Dahej,Tata Power Company Ltd.,459.48,7.6
July,Dahej,Adani Power Ltd.,1779.75,7.6
April,Dahej,Tata Power Company Ltd.,789.075,7.6
August,Dahej,Indowind Energy,726.075,7.6
January,Dahej,Tata Power Company Ltd.,397.32,7.6
December,Dahej,Orient Green,336.84,7.6
January,Dahej,Indowind Energy,465.36,7.6
February,Dahej,Orient Green,388.92,7.6
July,Dahej,Orient Green,1260,7.6
February,Dahej,Tata Power Company Ltd.,353.64,7.6
February,Dahej,Orient Green,420,7.6
March,Dahej,Tata Power Company Ltd.,518.7,7.6
December,Dahej,Tata Power Company Ltd.,622.44,7.6
April,Dahej,Tata Power Company Ltd.,548.1,7.6
November,Dahej,Tata Power Company Ltd.,396.48,7.6
September,Dahej,Adani Power Ltd.,540.54,7.6
August,Dahej,Indowind Energy,756,7.6
November,Dahej,Tata Power Company Ltd.,377.16,7.6
October,Dahej,Adani Power Ltd.,620.55,7.6
June,Dahej,Adani Power Ltd.,1338.75,7.6
May,Dahej,Reliance Energy,657.3,7.6
December,Dahej,Reliance Energy,520.8,7.6
May,Dahej,Reliance Energy,905.1,7.6
March,Dahej,Tata Power Company Ltd.,595.35,7.6
September,Dahej,Orient Green,540.54,7.6
May,Dahej,Reliance Energy,879.9,7.6
November,Dahej,Adani Power Ltd.,372.96,7.6
January,Dahej,Adani Power Ltd.,315,7.6
October,Dahej,Tata Power Company Ltd.,540.75,7.6
November,Dahej,Reliance Energy,351.96,7.6
July,Dahej,Indowind Energy,2047.5,7.6
February,Dahej,Indowind Energy,490.56,7.6
November,Dahej,Adani Power Ltd.,546.84,7.6
January,Dahej,Adani Power Ltd.,220.08,7.6
March,Dahej,Indowind Energy,645.75,7.6
December,Dahej,Adani Power Ltd.,514.08,7.6
September,Dahej,Orient Green,719.46,7.6
October,Dahej,Tata Power Company Ltd.,471.45,7.6
December,Dahej,Orient Green,443.52,7.6
February,Dahej,Orient Green,401.52,7.6
February,Dahej,Reliance Energy,277.2,7.6
November,Dahej,Reliance Energy,299.04,7.6
September,Dahej,Adani Power Ltd.,509.04,7.6
August,Dahej,Reliance Energy,414.225,7.6
April,Dahej,Reliance Energy,557.55,7.6
December,Dahej,Indowind Energy,365.4,7.6
December,Dahej,Adani Power Ltd.,463.68,7.6
February,Dahej,Adani Power Ltd.,276.36,7.6
December,Dahej,Reliance Energy,282.24,7.6
November,Dahej,Orient Green,656.04,7.6
July,Dahej,Indowind Energy,1575,7.6
December,Dahej,Indowind Energy,432.6,7.6
October,Dahej,Reliance Energy,631.05,7.6
September,Dahej,Adani Power Ltd.,700.56,7.6
November,Dahej,Indowind Energy,385.56,7.6
October,Dahej,Adani Power Ltd.,241.5,7.6
October,Dahej,Orient Green,638.4,7.6
September,Dahej,Reliance Energy,1098.72,7.6
November,Dahej,Reliance Energy,1332.24,7.6
September,Dahej,Tata Power Company Ltd.,1353.24,7.6
January,Dahej,Adani Power Ltd.,846.72,7.6
July,Dahej,Orient Green,2167.2,7.6
May,Dahej,Adani Power Ltd.,2121,7.6
April,Dahej,Adani Power Ltd.,1263.15,7.6
December,Dahej,Adani Power Ltd.,811.44,7.6
October,Dahej,Indowind Energy,1449,7.6
April,Dahej,Reliance Energy,2056.95,7.6
December,Dahej,Orient Green,784.56,7.6
January,Dahej,Tata Power Company Ltd.,1296.96,7.6
December,Dahej,Adani Power Ltd.,688.8,7.6
October,Dahej,Orient Green,1516.2,7.6
November,Dahej,Indowind Energy,798,7.6
October,Dahej,Tata Power Company Ltd.,1039.5,7.6
April,Dahej,Adani Power Ltd.,1997.1,7.6
July,Dahej,Adani Power Ltd.,3647.7,7.6
May,Dahej,Orient Green,1680,7.6
August,Dahej,Adani Power Ltd.,1694.7,7.6
April,Dahej,Tata Power Company Ltd.,1669.5,7.6
October,Dahej,Adani Power Ltd.,976.5,7.6
May,Dahej,Adani Power Ltd.,2066.4,7.6
March,Dahej,Indowind Energy,1136.1,7.6
June,Dahej,Orient Green,3131.1,7.6
February,Dahej,Orient Green,663.6,7.6
February,Dahej,Orient Green,623.28,7.6
July,Dahej,Tata Power Company Ltd.,3521.7,7.6
June,Dahej,Adani Power Ltd.,2639.7,7.6
February,Dahej,Indowind Energy,700.56,7.6
August,Dahej,Orient Green,1732.5,7.6
February,Dahej,Indowind Energy,719.04,7.6
March,Dahej,Orient Green,953.4,7.6
October,Dahej,Tata Power Company Ltd.,1287.3,7.6
September,Dahej,Orient Green,1370.88,7.6
January,Dahej,Indowind Energy,739.2,7.6
December,Dahej,Orient Green,971.04,7.6
June,Dahej,Orient Green,5178.6,7.6
May,Dahej,Orient Green,2864.4,7.6
March,Dahej,Tata Power Company Ltd.,1392.3,7.6
July,Dahej,Tata Power Company Ltd.,2923.2,7.6
April,Dahej,Tata Power Company Ltd.,1442.7,7.6
November,Dahej,Reliance Energy,564.48,7.6
September,Dahej,Reliance Energy,1753.92,7.6
June,Dahej,Reliance Energy,2576.7,7.6
July,Dahej,Tata Power Company Ltd.,1745.1,7.6
January,Dahej,Orient Green,614.88,7.6
December,Dahej,Adani Power Ltd.,1144.08,7.6
January,Dahej,Indowind Energy,767.76,7.6
June,Dahej,Tata Power Company Ltd.,2160.9,7.6
April,Dahej,Orient Green,1754.55,7.6
July,Dahej,Indowind Energy,3811.5,7.6
March,Dahej,Reliance Energy,961.8,7.6
February,Dahej,Indowind Energy,722.4,7.6
November,Dahej,Orient Green,808.08,7.6
July,Dahej,Indowind Energy,1738.8,7.6
November,Dahej,Orient Green,1071.84,7.6
November,Dahej,Adani Power Ltd.,1092,7.6
July,Dahej,Tata Power Company Ltd.,2085.3,7.6
February,Dahej,Orient Green,564.48,7.6
May,Dahej,Adani Power Ltd.,2238.6,7.6
August,Dahej,Adani Power Ltd.,2031.75,7.6
December,Dahej,Orient Green,950.88,7.6
April,Dahej,Indowind Energy,1559.25,7.6
September,Dahej,Reliance Energy,1232.28,7.6
January,Dahej,Adani Power Ltd.,421.68,7.6
August,Dahej,Adani Power Ltd.,1975.05,7.6
June,Dahej,Reliance Energy,4164.3,7.6
July,Dahej,Adani Power Ltd.,3250.8,7.6
January,Dahej,Adani Power Ltd.,772.8,7.6
November,Dahej,Orient Green,915.6,7.6
September,Dahej,Adani Power Ltd.,1312.92,7.6
June,Dahej,Reliance Energy,3364.2,7.6
June,Dahej,Reliance Energy,3206.7,7.6
December,Dahej,Indowind Energy,907.2,7.6
June,Dahej,Adani Power Ltd.,2910.6,7.6
February,Dahej,Reliance Energy,488.88,7.6
February,Dahej,Tata Power Company Ltd.,653.52,7.6
December,Dahej,Reliance Energy,406.56,7.6
October,Dahej,Indowind Energy,1333.5,7.6
July,Dahej,Orient Green,2992.5,7.6
January,Dahej,Tata Power Company Ltd.,488.88,7.6
September,Dahej,Reliance Energy,1557.36,7.6
March,Dahej,Reliance Energy,938.7,7.6
December,Dahej,Reliance Energy,391.44,7.6
January,Dahej,Orient Green,848.4,7.6
September,Dahej,Tata Power Company Ltd.,781.2,7.6
February,Dahej,Adani Power Ltd.,646.8,7.6
July,Dahej,Adani Power Ltd.,2898,7.6
December,Dahej,Adani Power Ltd.,650.16,7.6
December,Dahej,Adani Power Ltd.,840,7.6
June,Dahej,Adani Power Ltd.,2513.7,7.6
July,Dahej,Reliance Energy,4246.2,7.6
September,Dahej,Tata Power Company Ltd.,1108.8,7.6
November,Dahej,Tata Power Company Ltd.,1016.4,7.6
February,Dahej,Tata Power Company Ltd.,882,7.6
July,Dahej,Reliance Energy,1612.8,7.6
June,Dahej,Indowind Energy,3559.5,7.6
February,Dahej,Tata Power Company Ltd.,594.72,7.6
September,Dahej,Reliance Energy,1678.32,7.6
October,Dahej,Tata Power Company Ltd.,798,7.6
July,Dahej,Tata Power Company Ltd.,2923.2,7.6
September,Dahej,Indowind Energy,680.4,7.6
December,Dahej,Reliance Energy,944.16,7.6
April,Dahej,Orient Green,1710.45,7.6
September,Dahej,Orient Green,1501.92,7.6
February,Dahej,Adani Power Ltd.,853.44,7.6
March,Dahej,Indowind Energy,1318.8,7.6
May,Dahej,Adani Power Ltd.,1411.2,7.6
December,Dahej,Tata Power Company Ltd.,672,7.6
September,Dahej,Tata Power Company Ltd.,1136.52,7.6
November,Dahej,Tata Power Company Ltd.,455.28,7.6
December,Dahej,Adani Power Ltd.,1201.2,7.6
December,Dahej,Adani Power Ltd.,893.76,7.6
January,Dahej,Tata Power Company Ltd.,991.2,7.6
June,Dahej,Reliance Energy,2154.6,7.6
September,Dahej,Reliance Energy,1756.44,7.6
February,Dahej,Indowind Energy,735.84,7.6
August,Dahej,Orient Green,1178.1,7.6
September,Dahej,Orient Green,927.36,7.6
November,Dahej,Orient Green,1013.04,7.6
June,Dahej,Tata Power Company Ltd.,2280.6,7.6
February,Dahej,Indowind Energy,655.2,7.6
July,Dahej,Orient Green,4718.7,7.6
July,Dahej,Tata Power Company Ltd.,2614.5,7.6
January,Dahej,Orient Green,599.76,7.6
November,Dahej,Orient Green,655.2,7.6
December,Dahej,Tata Power Company Ltd.,1058.4,7.6
December,Dahej,Adani Power Ltd.,1076.88,7.6
January,Dahej,Indowind Energy,687.12,7.6
September,Dahej,Reliance Energy,1101.24,7.6
October,Dahej,Indowind Energy,840,7.6
July,Dahej,Reliance Energy,2866.5,7.6
June,Dahej,Reliance Energy,1795.5,7.6
March,Dahej,Adani Power Ltd.,1050,7.6
March,Dahej,Reliance Energy,879.9,7.6
June,Dahej,Reliance Energy,2375.1,7.6
January,Dahej,Orient Green,845.04,7.6
June,Dahej,Tata Power Company Ltd.,3030.3,7.6
November,Dahej,Orient Green,623.28,7.6
June,Dahej,Adani Power Ltd.,4082.4,7.6
November,Dahej,Orient Green,986.16,7.6
February,Dahej,Reliance Energy,673.68,7.6
January,Dahej,Adani Power Ltd.,929.04,7.6
September,Dahej,Orient Green,1096.2,7.6
May,Dahej,Orient Green,1759.8,7.6
May,Dahej,Orient Green,2322.6,7.6
April,Dahej,Reliance Energy,1729.35,7.6
November,Dahej,Adani Power Ltd.,1014.72,7.6
January,Dahej,Adani Power Ltd.,794.64,7.6
September,Dahej,Orient Green,1204.56,7.6
August,Dahej,Adani Power Ltd.,2293.2,7.6
September,Dahej,Adani Power Ltd.,846.72,7.6
February,Dahej,Orient Green,902.16,7.6
December,Dahej,Reliance Energy,856.8,7.6
February,Dahej,Indowind Energy,661.92,7.6
May,Dahej,Tata Power Company Ltd.,1780.8,7.6
January,Dahej,Reliance Energy,1170.96,7.6
December,Dahej,Orient Green,680.4,7.6
March,Dahej,Tata Power Company Ltd.,1419.6,7.6
December,Dahej,Tata Power Company Ltd.,1139.04,7.6
October,Dahej,Indowind Energy,1484.7,7.6
January,Dahej,Adani Power Ltd.,1243.2,7.6
July,Dahej,Orient Green,3578.4,7.6
December,Dahej,Reliance Energy,855.12,7.6
November,Dahej,Reliance Energy,1134,7.6
July,Dahej,Tata Power Company Ltd.,3603.6,7.6
September,Dahej,Tata Power Company Ltd.,1360.8,7.6
November,Dahej,Reliance Energy,803.04,7.6
January,Dahej,Tata Power Company Ltd.,856.8,7.6
May,Dahej,Reliance Energy,2562,7.6
June,Dahej,Indowind Energy,3565.8,7.6
September,Dahej,Tata Power Company Ltd.,738.36,7.6
April,Dahej,Reliance Energy,2126.25,7.6
June,Dahej,Reliance Energy,2715.3,7.6
February,Dahej,Orient Green,695.52,7.6
February,Dahej,Orient Green,522.48,7.6
February,Dahej,Adani Power Ltd.,1018.08,7.6
March,Dahej,Reliance Energy,1461.6,7.6
October,Dahej,Indowind Energy,722.4,7.6
June,Dahej,Indowind Energy,3061.8,7.6
June,Dahej,Orient Green,3339,7.6
September,Dahej,Adani Power Ltd.,1605.24,7.6
November,Dahej,Indowind Energy,850.08,7.6
March,Dahej,Tata Power Company Ltd.,1394.4,7.6
February,Dahej,Orient Green,883.68,7.6
November,Dahej,Reliance Energy,767.76,7.6
October,Dahej,Adani Power Ltd.,1251.6,7.6
November,Dahej,Reliance Energy,1050,7.6
May,Dahej,Indowind Energy,2830.8,7.6
December,Dahej,Reliance Energy,895.44,7.6
September,Dahej,Orient Green,813.96,7.6
August,Dahej,Tata Power Company Ltd.,1719.9,7.6
June,Dahej,Adani Power Ltd.,2746.8,7.6
December,Dahej,Reliance Energy,722.4,7.6
September,Dahej,Indowind Energy,1585.08,7.6
April,Dahej,Adani Power Ltd.,1609.65,7.6
October,Dahej,Adani Power Ltd.,1598.1,7.6
December,Dahej,Indowind Energy,917.28,7.6
October,Dahej,Indowind Energy,1083.6,7.6
March,Dahej,Tata Power Company Ltd.,1050,7.6
April,Dahej,Tata Power Company Ltd.,1820.7,7.6
June,Dahej,Reliance Energy,2847.6,7.6
April,Dahej,Orient Green,1471.05,7.6
August,Dahej,Indowind Energy,2060.1,7.6
August,Dahej,Orient Green,2091.6,7.6
April,Dahej,Indowind Energy,1152.9,7.6
June,Dahej,Reliance Energy,2797.2,7.6
January,Dahej,Indowind Energy,851.76,7.6
September,Dahej,Orient Green,1023.12,7.6
October,Dahej,Indowind Energy,991.2,7.6
February,Dahej,Orient Green,750.96,7.6
February,Dahej,Tata Power Company Ltd.,448.56,7.6
May,Dahej,Indowind Energy,2238.6,7.6
August,Dahej,Reliance Energy,919.8,7.6
June,Dahej,Tata Power Company Ltd.,3483.9,7.6
October,Dahej,Reliance Energy,1052.1,7.6
August,Dahej,Adani Power Ltd.,1849.05,7.6
March,Dahej,Orient Green,1094.1,7.6
September,Dahej,Adani Power Ltd.,1189.44,7.6
May,Dahej,Reliance Energy,2074.8,7.6
August,Dahej,Reliance Energy,1556.1,7.6
June,Dahej,Reliance Energy,2312.1,7.6
March,Dahej,Tata Power Company Ltd.,1245.3,7.6
August,Dahej,Adani Power Ltd.,1710.45,7.6
January,Dahej,Tata Power Company Ltd.,913.92,7.6
August,Dahej,Indowind Energy,1275.75,7.6
November,Dahej,Tata Power Company Ltd.,893.76,7.6
March,Dahej,Reliance Energy,1106.7,7.6
March,Dahej,Indowind Energy,1386,7.6
April,Dahej,Adani Power Ltd.,2353.05,7.6
August,Dahej,Orient Green,1546.65,7.6
November,Dahej,Tata Power Company Ltd.,866.88,7.6
July,Dahej,Reliance Energy,3150,7.6
April,Dahej,Adani Power Ltd.,2056.95,7.6
February,Dahej,Orient Green,673.68,7.6
October,Dahej,Orient Green,825.3,7.6
January,Dahej,Adani Power Ltd.,1149.12,7.6
November,Dahej,Adani Power Ltd.,725.76,7.6
November,Dahej,Reliance Energy,473.76,7.6
March,Dahej,Reliance Energy,1407,7.6
November,Dahej,Indowind Energy,1117.2,7.6
December,Dahej,Tata Power Company Ltd.,959.28,7.6
August,Dahej,Reliance Energy,1660.05,7.6
December,Dahej,Adani Power Ltd.,725.76,7.6
August,Dahej,Indowind Energy,1694.7,7.6
August,Dahej,Indowind Energy,1754.55,7.6
April,Dahej,Orient Green,1291.5,7.6
August,Dahej,Adani Power Ltd.,771.75,7.6
June,Dahej,Indowind Energy,3521.7,7.6
March,Dahej,Adani Power Ltd.,1249.5,7.6
May,Dahej,Indowind Energy,2877,7.6
August,Dahej,Orient Green,1845.9,7.6
June,Dahej,Tata Power Company Ltd.,3918.6,7.6
December,Dahej,Reliance Energy,1031.52,7.6
January,Dahej,Indowind Energy,705.6,7.6
April,Dahej,Orient Green,1578.15,7.6
December,Dahej,Adani Power Ltd.,561.12,7.6
June,Dahej,Reliance Energy,3049.2,7.6
January,Dahej,Indowind Energy,792.96,7.6
June,Dahej,Tata Power Company Ltd.,3351.6,7.6
July,Dahej,Indowind Energy,3263.4,7.6
April,Dahej,Indowind Energy,1849.05,7.6
March,Dahej,Reliance Energy,741.3,7.6
May,Dahej,Reliance Energy,751.8,7.6
February,Dahej,Indowind Energy,656.88,7.6
January,Dahej,Adani Power Ltd.,603.12,7.6
March,Dahej,Adani Power Ltd.,1150.8,7.6
April,Dahej,Adani Power Ltd.,2056.95,7.6
March,Dahej,Indowind Energy,804.3,7.6
April,Dahej,Tata Power Company Ltd.,1965.6,7.6
November,Dahej,Orient Green,766.08,7.6
March,Dahej,Tata Power Company Ltd.,1171.8,7.6
November,Dahej,Orient Green,789.6,7.6
September,Dahej,Reliance Energy,1328.04,7.6
May,Dahej,Indowind Energy,1696.8,7.6
August,Dahej,Tata Power Company Ltd.,2066.4,7.6
December,Dahej,Tata Power Company Ltd.,737.52,7.6
October,Dahej,Orient Green,844.2,7.6
April,Dahej,Tata Power Company Ltd.,1411.2,7.6
June,Dahej,Indowind Energy,3792.6,7.6
February,Dahej,Tata Power Company Ltd.,384.72,7.6
August,Dahej,Adani Power Ltd.,1694.7,7.6
October,Dahej,Tata Power Company Ltd.,1268.4,7.6
June,Dahej,Indowind Energy,2028.6,7.6
June,Dahej,Adani Power Ltd.,3735.9,7.6
February,Dahej,Tata Power Company Ltd.,1130.64,7.6
November,Dahej,Orient Green,1034.88,7.6
January,Dahej,Orient Green,739.2,7.6
November,Dahej,Indowind Energy,596.4,7.6
September,Dahej,Adani Power Ltd.,965.16,7.6
May,Dahej,Adani Power Ltd.,2738.4,7.6
February,Dahej,Tata Power Company Ltd.,1001.28,7.6
September,Dahej,Adani Power Ltd.,1176.84,7.6
August,Dahej,Tata Power Company Ltd.,1307.25,7.6
June,Dahej,Orient Green,4863.6,7.6
December,Dahej,Adani Power Ltd.,824.88,7.6
February,Dahej,Tata Power Company Ltd.,633.36,7.6
September,Dahej,Adani Power Ltd.,556.92,7.6
February,Dahej,Reliance Energy,856.8,7.6
March,Dahej,Tata Power Company Ltd.,1249.5,7.6
August,Faridabad,Reliance Energy,597,8.1
July,Faridabad,Reliance Energy,1641,8.1
January,Faridabad,Reliance Energy,508.8,8.1
September,Faridabad,Indowind Energy,566.4,8.1
August,Faridabad,Indowind Energy,760.5,8.1
August,Faridabad,Indowind Energy,855,8.1
December,Faridabad,Orient Green,444.8,8.1
February,Faridabad,Tata Power Company Ltd.,335.2,8.1
April,Faridabad,Adani Power Ltd.,726,8.1
September,Faridabad,Adani Power Ltd.,882,8.1
January,Faridabad,Indowind Energy,359.2,8.1
April,Faridabad,Adani Power Ltd.,696,8.1
November,Faridabad,Orient Green,584.8,8.1
July,Faridabad,Orient Green,1218,8.1
October,Faridabad,Reliance Energy,589,8.1
September,Faridabad,Tata Power Company Ltd.,468,8.1
November,Faridabad,Orient Green,472.8,8.1
December,Faridabad,Orient Green,489.6,8.1
October,Faridabad,Indowind Energy,554,8.1
July,Faridabad,Orient Green,1611,8.1
November,Faridabad,Adani Power Ltd.,368,8.1
July,Faridabad,Adani Power Ltd.,1614,8.1
August,Faridabad,Indowind Energy,718.5,8.1
June,Faridabad,Adani Power Ltd.,1770,8.1
February,Faridabad,Reliance Energy,417.6,8.1
May,Faridabad,Orient Green,1670,8.1
May,Faridabad,Tata Power Company Ltd.,1006,8.1
December,Faridabad,Adani Power Ltd.,421.6,8.1
January,Faridabad,Indowind Energy,382.4,8.1
December,Faridabad,Tata Power Company Ltd.,387.2,8.1
July,Faridabad,Adani Power Ltd.,1308,8.1
February,Faridabad,Reliance Energy,412,8.1
November,Faridabad,Indowind Energy,359.2,8.1
November,Faridabad,Adani Power Ltd.,456.8,8.1
March,Faridabad,Tata Power Company Ltd.,451,8.1
February,Faridabad,Adani Power Ltd.,293.6,8.1
March,Faridabad,Adani Power Ltd.,666,8.1
May,Faridabad,Orient Green,706,8.1
May,Faridabad,Adani Power Ltd.,1308,8.1
September,Faridabad,Orient Green,564,8.1
June,Faridabad,Reliance Energy,1425,8.1
April,Faridabad,Indowind Energy,778.5,8.1
January,Faridabad,Adani Power Ltd.,588,8.1
September,Faridabad,Tata Power Company Ltd.,682.8,8.1
May,Faridabad,Reliance Energy,870,8.1
September,Faridabad,Tata Power Company Ltd.,646.8,8.1
May,Faridabad,Indowind Energy,1072,8.1
November,Faridabad,Tata Power Company Ltd.,354.4,8.1
December,Faridabad,Reliance Energy,557.6,8.1
January,Faridabad,Tata Power Company Ltd.,299.2,8.1
December,Faridabad,Orient Green,470.4,8.1
May,Faridabad,Adani Power Ltd.,988,8.1
December,Faridabad,Adani Power Ltd.,344,8.1
January,Faridabad,Adani Power Ltd.,537.6,8.1
January,Faridabad,Tata Power Company Ltd.,428.8,8.1
December,Faridabad,Indowind Energy,496,8.1
December,Faridabad,Orient Green,458.4,8.1
June,Faridabad,Indowind Energy,1503,8.1
October,Faridabad,Orient Green,377,8.1
January,Faridabad,Indowind Energy,452,8.1
August,Faridabad,Tata Power Company Ltd.,699,8.1
November,Faridabad,Tata Power Company Ltd.,282.4,8.1
August,Faridabad,Reliance Energy,970.5,8.1
October,Faridabad,Orient Green,473,8.1
November,Faridabad,Orient Green,459.2,8.1
September,Faridabad,Orient Green,828,8.1
February,Faridabad,Reliance Energy,444.8,8.1
October,Faridabad,Tata Power Company Ltd.,379,8.1
January,Faridabad,Orient Green,408.8,8.1
April,Faridabad,Orient Green,781.5,8.1
April,Faridabad,Indowind Energy,952.5,8.1
January,Faridabad,Indowind Energy,425.6,8.1
October,Faridabad,Adani Power Ltd.,534,8.1
February,Faridabad,Tata Power Company Ltd.,508,8.1
June,Faridabad,Indowind Energy,810,8.1
June,Faridabad,Indowind Energy,1365,8.1
December,Faridabad,Reliance Energy,268.8,8.1
September,Faridabad,Reliance Energy,396,8.1
October,Faridabad,Tata Power Company Ltd.,632,8.1
September,Faridabad,Reliance Energy,344.4,8.1
August,Faridabad,Indowind Energy,813,8.1
April,Faridabad,Tata Power Company Ltd.,742.5,8.1
February,Faridabad,Adani Power Ltd.,337.6,8.1
November,Faridabad,Reliance Energy,328,8.1
October,Faridabad,Adani Power Ltd.,431,8.1
September,Faridabad,Tata Power Company Ltd.,591.6,8.1
May,Faridabad,Reliance Energy,1104,8.1
April,Faridabad,Adani Power Ltd.,534,8.1
March,Faridabad,Indowind Energy,580,8.1
July,Faridabad,Adani Power Ltd.,1728,8.1
September,Faridabad,Tata Power Company Ltd.,547.2,8.1
September,Faridabad,Reliance Energy,757.2,8.1
October,Faridabad,Indowind Energy,331,8.1
September,Faridabad,Tata Power Company Ltd.,895.2,8.1
September,Faridabad,Adani Power Ltd.,741.6,8.1
February,Faridabad,Tata Power Company Ltd.,418.4,8.1
March,Faridabad,Indowind Energy,374,8.1
April,Faridabad,Reliance Energy,663,8.1
September,Faridabad,Adani Power Ltd.,816,8.1
November,Faridabad,Reliance Energy,522.4,8.1
July,Faridabad,Adani Power Ltd.,1809,8.1
April,Faridabad,Adani Power Ltd.,1147.5,8.1
June,Faridabad,Adani Power Ltd.,1689,8.1
January,Faridabad,Orient Green,502.4,8.1
September,Faridabad,Reliance Energy,680.4,8.1
April,Faridabad,Orient Green,843,8.1
April,Faridabad,Indowind Energy,859.5,8.1
December,Faridabad,Reliance Energy,361.6,8.1
August,Faridabad,Orient Green,450,8.1
April,Faridabad,Adani Power Ltd.,931.5,8.1
January,Faridabad,Adani Power Ltd.,473.6,8.1
April,Faridabad,Indowind Energy,885,8.1
February,Faridabad,Indowind Energy,325.6,8.1
June,Faridabad,Tata Power Company Ltd.,1533,8.1
June,Faridabad,Adani Power Ltd.,957,8.1
July,Faridabad,Reliance Energy,1425,8.1
November,Faridabad,Adani Power Ltd.,394.4,8.1
December,Faridabad,Reliance Energy,583.2,8.1
November,Faridabad,Orient Green,440.8,8.1
November,Faridabad,Adani Power Ltd.,279.2,8.1
December,Faridabad,Orient Green,378.4,8.1
October,Faridabad,Indowind Energy,587,8.1
February,Faridabad,Indowind Energy,505.6,8.1
November,Faridabad,Tata Power Company Ltd.,404.8,8.1
June,Faridabad,Adani Power Ltd.,1902,8.1
October,Faridabad,Reliance Energy,742,8.1
December,Faridabad,Indowind Energy,396,8.1
May,Faridabad,Orient Green,1280,8.1
September,Faridabad,Reliance Energy,675.6,8.1
November,Faridabad,Adani Power Ltd.,1073.6,8.1
August,Faridabad,Orient Green,2217,8.1
December,Faridabad,Tata Power Company Ltd.,734.4,8.1
January,Faridabad,Indowind Energy,630.4,8.1
September,Faridabad,Reliance Energy,1324.8,8.1
October,Faridabad,Tata Power Company Ltd.,806,8.1
December,Faridabad,Orient Green,723.2,8.1
April,Faridabad,Reliance Energy,1524,8.1
November,Faridabad,Orient Green,918.4,8.1
May,Faridabad,Adani Power Ltd.,1260,8.1
May,Faridabad,Tata Power Company Ltd.,1144,8.1
February,Faridabad,Indowind Energy,828.8,8.1
April,Faridabad,Orient Green,1461,8.1
September,Faridabad,Reliance Energy,1425.6,8.1
May,Faridabad,Tata Power Company Ltd.,1572,8.1
March,Faridabad,Orient Green,902,8.1
February,Faridabad,Orient Green,595.2,8.1
September,Faridabad,Reliance Energy,1293.6,8.1
October,Faridabad,Indowind Energy,1204,8.1
June,Faridabad,Tata Power Company Ltd.,3360,8.1
February,Faridabad,Reliance Energy,408,8.1
October,Faridabad,Indowind Energy,1310,8.1
November,Faridabad,Reliance Energy,825.6,8.1
February,Faridabad,Reliance Energy,1024,8.1
May,Faridabad,Adani Power Ltd.,2280,8.1
June,Faridabad,Tata Power Company Ltd.,2886,8.1
January,Faridabad,Reliance Energy,899.2,8.1
May,Faridabad,Tata Power Company Ltd.,2928,8.1
November,Faridabad,Tata Power Company Ltd.,950.4,8.1
June,Faridabad,Orient Green,3330,8.1
March,Faridabad,Indowind Energy,758,8.1
June,Faridabad,Reliance Energy,3024,8.1
February,Faridabad,Tata Power Company Ltd.,859.2,8.1
November,Faridabad,Tata Power Company Ltd.,1011.2,8.1
August,Faridabad,Reliance Energy,1674,8.1
July,Faridabad,Adani Power Ltd.,3684,8.1
April,Faridabad,Reliance Energy,1413,8.1
August,Faridabad,Indowind Energy,1062,8.1
March,Faridabad,Adani Power Ltd.,742,8.1
August,Faridabad,Tata Power Company Ltd.,2226,8.1
August,Faridabad,Adani Power Ltd.,1437,8.1
November,Faridabad,Indowind Energy,1008,8.1
April,Faridabad,Indowind Energy,2016,8.1
April,Faridabad,Indowind Energy,1500,8.1
June,Faridabad,Indowind Energy,2490,8.1
March,Faridabad,Indowind Energy,858,8.1
January,Faridabad,Adani Power Ltd.,984,8.1
August,Faridabad,Orient Green,1068,8.1
October,Faridabad,Tata Power Company Ltd.,748,8.1
July,Faridabad,Tata Power Company Ltd.,3270,8.1
March,Faridabad,Orient Green,814,8.1
December,Faridabad,Reliance Energy,611.2,8.1
August,Faridabad,Indowind Energy,1638,8.1
March,Faridabad,Reliance Energy,1052,8.1
January,Faridabad,Reliance Energy,1179.2,8.1
March,Faridabad,Adani Power Ltd.,878,8.1
September,Faridabad,Reliance Energy,1620,8.1
February,Faridabad,Reliance Energy,299.2,8.1
May,Faridabad,Tata Power Company Ltd.,1804,8.1
November,Faridabad,Adani Power Ltd.,804.8,8.1
June,Faridabad,Indowind Energy,3714,8.1
January,Faridabad,Orient Green,614.4,8.1
December,Faridabad,Tata Power Company Ltd.,408,8.1
May,Faridabad,Orient Green,2164,8.1
August,Faridabad,Reliance Energy,1437,8.1
May,Faridabad,Adani Power Ltd.,2820,8.1
October,Faridabad,Indowind Energy,1056,8.1
June,Faridabad,Reliance Energy,2814,8.1
April,Faridabad,Indowind Energy,1326,8.1
January,Faridabad,Adani Power Ltd.,796.8,8.1
March,Faridabad,Orient Green,1132,8.1
November,Faridabad,Tata Power Company Ltd.,742.4,8.1
May,Faridabad,Adani Power Ltd.,2032,8.1
September,Faridabad,Indowind Energy,1008,8.1
February,Faridabad,Adani Power Ltd.,616,8.1
August,Faridabad,Reliance Energy,1428,8.1
March,Faridabad,Indowind Energy,1124,8.1
July,Faridabad,Reliance Energy,3594,8.1
January,Faridabad,Indowind Energy,707.2,8.1
May,Faridabad,Tata Power Company Ltd.,1812,8.1
January,Faridabad,Indowind Energy,1068.8,8.1
December,Faridabad,Tata Power Company Ltd.,1056,8.1
February,Faridabad,Orient Green,649.6,8.1
June,Faridabad,Indowind Energy,3324,8.1
November,Faridabad,Reliance Energy,764.8,8.1
February,Faridabad,Reliance Energy,985.6,8.1
December,Faridabad,Indowind Energy,787.2,8.1
July,Faridabad,Tata Power Company Ltd.,2946,8.1
July,Faridabad,Adani Power Ltd.,4140,8.1
October,Faridabad,Reliance Energy,1298,8.1
September,Faridabad,Tata Power Company Ltd.,1056,8.1
June,Faridabad,Tata Power Company Ltd.,3990,8.1
October,Faridabad,Orient Green,1018,8.1
March,Faridabad,Indowind Energy,1720,8.1
June,Faridabad,Orient Green,2580,8.1
April,Faridabad,Adani Power Ltd.,1347,8.1
December,Faridabad,Indowind Energy,768,8.1
April,Faridabad,Tata Power Company Ltd.,1263,8.1
August,Faridabad,Adani Power Ltd.,1287,8.1
July,Faridabad,Indowind Energy,3204,8.1
August,Faridabad,Adani Power Ltd.,1590,8.1
September,Faridabad,Tata Power Company Ltd.,1680,8.1
July,Faridabad,Tata Power Company Ltd.,4596,8.1
January,Faridabad,Tata Power Company Ltd.,488,8.1
November,Faridabad,Indowind Energy,550.4,8.1
December,Faridabad,Adani Power Ltd.,345.6,8.1
September,Faridabad,Reliance Energy,1624.8,8.1
August,Faridabad,Orient Green,1260,8.1
October,Faridabad,Tata Power Company Ltd.,1192,8.1
August,Faridabad,Tata Power Company Ltd.,1659,8.1
October,Faridabad,Orient Green,876,8.1
October,Faridabad,Reliance Energy,986,8.1
February,Faridabad,Orient Green,875.2,8.1
November,Faridabad,Tata Power Company Ltd.,686.4,8.1
September,Faridabad,Tata Power Company Ltd.,1684.8,8.1
July,Faridabad,Tata Power Company Ltd.,2628,8.1
December,Faridabad,Indowind Energy,1209.6,8.1
April,Faridabad,Orient Green,909,8.1
October,Faridabad,Indowind Energy,1388,8.1
December,Faridabad,Tata Power Company Ltd.,948.8,8.1
July,Faridabad,Tata Power Company Ltd.,4278,8.1
January,Faridabad,Adani Power Ltd.,844.8,8.1
November,Faridabad,Orient Green,1011.2,8.1
April,Faridabad,Orient Green,1419,8.1
June,Faridabad,Adani Power Ltd.,2292,8.1
August,Faridabad,Indowind Energy,1977,8.1
April,Faridabad,Reliance Energy,1653,8.1
August,Faridabad,Indowind Energy,1452,8.1
February,Faridabad,Orient Green,1209.6,8.1
March,Faridabad,Reliance Energy,850,8.1
April,Faridabad,Indowind Energy,774,8.1
December,Faridabad,Indowind Energy,900.8,8.1
November,Faridabad,Adani Power Ltd.,852.8,8.1
February,Faridabad,Indowind Energy,1001.6,8.1
October,Faridabad,Orient Green,974,8.1
May,Faridabad,Indowind Energy,2048,8.1
April,Faridabad,Reliance Energy,1338,8.1
August,Faridabad,Orient Green,2037,8.1
October,Faridabad,Adani Power Ltd.,1230,8.1
May,Faridabad,Tata Power Company Ltd.,2068,8.1
September,Faridabad,Tata Power Company Ltd.,811.2,8.1
May,Faridabad,Adani Power Ltd.,2924,8.1
July,Faridabad,Orient Green,3936,8.1
June,Faridabad,Orient Green,3342,8.1
November,Faridabad,Indowind Energy,756.8,8.1
September,Faridabad,Tata Power Company Ltd.,1375.2,8.1
January,Faridabad,Orient Green,521.6,8.1
August,Faridabad,Orient Green,1443,8.1
May,Faridabad,Indowind Energy,1940,8.1
August,Faridabad,Adani Power Ltd.,1590,8.1
July,Faridabad,Reliance Energy,3426,8.1
January,Faridabad,Orient Green,912,8.1
February,Faridabad,Orient Green,654.4,8.1
January,Faridabad,Indowind Energy,854.4,8.1
June,Faridabad,Reliance Energy,3066,8.1
November,Faridabad,Orient Green,817.6,8.1
March,Faridabad,Tata Power Company Ltd.,718,8.1
August,Faridabad,Adani Power Ltd.,1545,8.1
August,Faridabad,Adani Power Ltd.,1380,8.1
January,Faridabad,Reliance Energy,707.2,8.1
December,Faridabad,Indowind Energy,844.8,8.1
July,Faridabad,Tata Power Company Ltd.,3390,8.1
December,Faridabad,Orient Green,886.4,8.1
January,Faridabad,Orient Green,881.6,8.1
March,Faridabad,Tata Power Company Ltd.,1070,8.1
April,Faridabad,Indowind Energy,2244,8.1
April,Faridabad,Indowind Energy,1434,8.1
March,Faridabad,Indowind Energy,790,8.1
December,Faridabad,Indowind Energy,939.2,8.1
May,Faridabad,Adani Power Ltd.,3532,8.1
October,Faridabad,Indowind Energy,642,8.1
April,Faridabad,Tata Power Company Ltd.,1260,8.1
March,Faridabad,Orient Green,1274,8.1
January,Faridabad,Indowind Energy,876.8,8.1
April,Faridabad,Orient Green,1488,8.1
May,Faridabad,Tata Power Company Ltd.,2532,8.1
July,Faridabad,Indowind Energy,3510,8.1
July,Faridabad,Reliance Energy,4236,8.1
April,Faridabad,Reliance Energy,771,8.1
February,Faridabad,Orient Green,980.8,8.1
September,Faridabad,Indowind Energy,1190.4,8.1
March,Faridabad,Reliance Energy,1136,8.1
March,Faridabad,Reliance Energy,810,8.1
April,Faridabad,Adani Power Ltd.,939,8.1
October,Faridabad,Tata Power Company Ltd.,1220,8.1
May,Faridabad,Tata Power Company Ltd.,2212,8.1
October,Faridabad,Reliance Energy,822,8.1
October,Faridabad,Orient Green,928,8.1
November,Faridabad,Indowind Energy,820.8,8.1
January,Faridabad,Indowind Energy,998.4,8.1
July,Faridabad,Indowind Energy,2802,8.1
June,Faridabad,Tata Power Company Ltd.,3816,8.1
December,Faridabad,Adani Power Ltd.,500.8,8.1
December,Faridabad,Tata Power Company Ltd.,1124.8,8.1
June,Faridabad,Reliance Energy,3426,8.1
May,Faridabad,Tata Power Company Ltd.,2028,8.1
July,Faridabad,Indowind Energy,3810,8.1
January,Faridabad,Reliance Energy,704,8.1
January,Faridabad,Indowind Energy,809.6,8.1
January,Faridabad,Reliance Energy,484.8,8.1
November,Faridabad,Reliance Energy,590.4,8.1
February,Faridabad,Adani Power Ltd.,926.4,8.1
November,Faridabad,Reliance Energy,641.6,8.1
November,Faridabad,Orient Green,800,8.1
November,Faridabad,Orient Green,664,8.1
March,Faridabad,Reliance Energy,1092,8.1
January,Faridabad,Reliance Energy,640,8.1
February,Faridabad,Tata Power Company Ltd.,774.4,8.1
April,Faridabad,Tata Power Company Ltd.,2223,8.1
September,Faridabad,Orient Green,1296,8.1
January,Faridabad,Adani Power Ltd.,804.8,8.1
October,Faridabad,Adani Power Ltd.,1494,8.1
March,Faridabad,Orient Green,1224,8.1
June,Faridabad,Orient Green,1596,8.1
April,Faridabad,Indowind Energy,1851,8.1
April,Faridabad,Reliance Energy,1605,8.1
July,Faridabad,Orient Green,3138,8.1
February,Faridabad,Indowind Energy,915.2,8.1
March,Faridabad,Orient Green,1152,8.1
May,Faridabad,Tata Power Company Ltd.,2192,8.1
October,Faridabad,Tata Power Company Ltd.,780,8.1
April,Faridabad,Tata Power Company Ltd.,1353,8.1
June,Faridabad,Orient Green,1752,8.1
October,Faridabad,Adani Power Ltd.,660,8.1
February,Faridabad,Orient Green,745.6,8.1
November,Faridabad,Tata Power Company Ltd.,689.6,8.1
November,Faridabad,Tata Power Company Ltd.,1033.6,8.1
October,Faridabad,Tata Power Company Ltd.,984,8.1
May,Faridabad,Indowind Energy,1652,8.1
September,Faridabad,Indowind Energy,1106.4,8.1
April,Faridabad,Orient Green,1986,8.1
April,Faridabad,Indowind Energy,1431,8.1
January,Faridabad,Orient Green,947.2,8.1
January,Faridabad,Reliance Energy,832,8.1
January,Faridabad,Orient Green,924.8,8.1
August,Faridabad,Indowind Energy,1401,8.1
June,Faridabad,Orient Green,2520,8.1
March,Faridabad,Orient Green,1126,8.1
July,Faridabad,Reliance Energy,2970,8.1
November,Faridabad,Orient Green,734.4,8.1
September,Faridabad,Orient Green,1308,8.1
July,Faridabad,Tata Power Company Ltd.,4032,8.1
November,Faridabad,Indowind Energy,648,8.1
August,Faridabad,Reliance Energy,1104,8.1
September,Faridabad,Orient Green,619.2,8.1
February,Faridabad,Tata Power Company Ltd.,532.8,8.1
April,Faridabad,Indowind Energy,1278,8.1
February,Faridabad,Indowind Energy,1145.6,8.1
August,Faridabad,Indowind Energy,1185,8.1
June,Faridabad,Reliance Energy,2202,8.1
January,Faridabad,Tata Power Company Ltd.,459.2,8.1
February,Faridabad,Orient Green,734.4,8.1
March,Faridabad,Reliance Energy,1034,8.1
February,Faridabad,Orient Green,900.8,8.1
October,Faridabad,Tata Power Company Ltd.,966,8.1
November,Faridabad,Indowind Energy,905.6,8.1
February,Faridabad,Tata Power Company Ltd.,515.2,8.1
January,Faridabad,Reliance Energy,848,8.1
January,Faridabad,Reliance Energy,417.6,8.1
May,Faridabad,Adani Power Ltd.,1312,8.1
September,Faridabad,Adani Power Ltd.,1528.8,8.1
May,Faridabad,Adani Power Ltd.,1616,8.1
December,Faridabad,Indowind Energy,865.6,8.1
November,Faridabad,Adani Power Ltd.,1128,8.1
December,Faridabad,Adani Power Ltd.,734.4,8.1
November,Faridabad,Adani Power Ltd.,628.8,8.1
July,Faridabad,Tata Power Company Ltd.,3654,8.1
September,Faridabad,Orient Green,1147.2,8.1
August,Faridabad,Tata Power Company Ltd.,1389,8.1
October,Faridabad,Tata Power Company Ltd.,950,8.1
August,Faridabad,Orient Green,1404,8.1
April,Faridabad,Orient Green,1299,8.1
September,Faridabad,Tata Power Company Ltd.,921.6,8.1
March,Faridabad,Adani Power Ltd.,1468,8.1
August,Faridabad,Indowind Energy,1635,8.1
November,Faridabad,Adani Power Ltd.,694.4,8.1
March,Faridabad,Tata Power Company Ltd.,1228,8.1
September,Faridabad,Orient Green,1012.8,8.1
September,Faridabad,Adani Power Ltd.,1701.6,8.1
May,Faridabad,Tata Power Company Ltd.,2556,8.1
October,Faridabad,Adani Power Ltd.,1082,8.1
September,Faridabad,Adani Power Ltd.,948,8.1
November,Faridabad,Reliance Energy,659.2,8.1
May,Faridabad,Indowind Energy,1728,8.1
June,Faridabad,Indowind Energy,4266,8.1
May,Faridabad,Indowind Energy,1972,8.1
February,Faridabad,Indowind Energy,644.8,8.1
September,Faridabad,Orient Green,1742.4,8.1
August,Faridabad,Orient Green,1302,8.1
November,Faridabad,Orient Green,628.8,8.1
March,Faridabad,Reliance Energy,982,8.1
September,Faridabad,Reliance Energy,1024.8,8.1
March,Faridabad,Adani Power Ltd.,1236,8.1
October,Faridabad,Tata Power Company Ltd.,1108,8.1
October,Faridabad,Reliance Energy,700,8.1
June,Gurgaon,Indowind Energy,1184.7,8.3
November,Gurgaon,Adani Power Ltd.,463.76,8.3
August,Gurgaon,Reliance Energy,927.3,8.3
September,Gurgaon,Tata Power Company Ltd.,574.2,8.3
May,Gurgaon,Orient Green,1456.4,8.3
May,Gurgaon,Adani Power Ltd.,1064.8,8.3
August,Gurgaon,Orient Green,587.4,8.3
December,Gurgaon,Indowind Energy,374,8.3
April,Gurgaon,Tata Power Company Ltd.,790.35,8.3
November,Gurgaon,Indowind Energy,517.44,8.3
November,Gurgaon,Tata Power Company Ltd.,409.2,8.3
July,Gurgaon,Orient Green,1970.1,8.3
June,Gurgaon,Tata Power Company Ltd.,1491.6,8.3
September,Gurgaon,Orient Green,863.28,8.3
January,Gurgaon,Tata Power Company Ltd.,538.56,8.3
July,Gurgaon,Reliance Energy,2039.4,8.3
July,Gurgaon,Orient Green,1815,8.3
May,Gurgaon,Indowind Energy,1194.6,8.3
November,Gurgaon,Orient Green,238.48,8.3
July,Gurgaon,Adani Power Ltd.,1148.4,8.3
June,Gurgaon,Indowind Energy,1920.6,8.3
March,Gurgaon,Adani Power Ltd.,561,8.3
May,Gurgaon,Adani Power Ltd.,1471.8,8.3
May,Gurgaon,Orient Green,1238.6,8.3
July,Gurgaon,Orient Green,1712.7,8.3
May,Gurgaon,Indowind Energy,682,8.3
June,Gurgaon,Reliance Energy,2016.3,8.3
June,Gurgaon,Orient Green,1689.6,8.3
June,Gurgaon,Tata Power Company Ltd.,1788.6,8.3
December,Gurgaon,Adani Power Ltd.,332.64,8.3
December,Gurgaon,Reliance Energy,522.72,8.3
December,Gurgaon,Reliance Energy,475.2,8.3
July,Gurgaon,Adani Power Ltd.,1445.4,8.3
June,Gurgaon,Indowind Energy,1155,8.3
July,Gurgaon,Reliance Energy,1577.4,8.3
November,Gurgaon,Adani Power Ltd.,367.84,8.3
August,Gurgaon,Orient Green,836.55,8.3
February,Gurgaon,Orient Green,444.4,8.3
May,Gurgaon,Indowind Energy,937.2,8.3
August,Gurgaon,Reliance Energy,1054.35,8.3
January,Gurgaon,Reliance Energy,507.76,8.3
March,Gurgaon,Reliance Energy,533.5,8.3
November,Gurgaon,Tata Power Company Ltd.,308,8.3
April,Gurgaon,Tata Power Company Ltd.,584.1,8.3
September,Gurgaon,Reliance Energy,807.84,8.3
September,Gurgaon,Adani Power Ltd.,443.52,8.3
August,Gurgaon,Orient Green,932.25,8.3
January,Gurgaon,Reliance Energy,546.48,8.3
February,Gurgaon,Adani Power Ltd.,548.24,8.3
May,Gurgaon,Orient Green,1238.6,8.3
November,Gurgaon,Orient Green,602.8,8.3
March,Gurgaon,Tata Power Company Ltd.,734.8,8.3
June,Gurgaon,Reliance Energy,1999.8,8.3
April,Gurgaon,Orient Green,574.2,8.3
November,Gurgaon,Adani Power Ltd.,292.16,8.3
February,Gurgaon,Orient Green,386.32,8.3
June,Gurgaon,Adani Power Ltd.,1481.7,8.3
December,Gurgaon,Adani Power Ltd.,389.84,8.3
August,Gurgaon,Indowind Energy,1791.9,8.3
September,Gurgaon,Tata Power Company Ltd.,542.52,8.3
May,Gurgaon,Indowind Energy,1258.4,8.3
April,Gurgaon,Reliance Energy,1062.6,8.3
August,Gurgaon,Reliance Energy,917.4,8.3
March,Gurgaon,Tata Power Company Ltd.,477.4,8.3
April,Gurgaon,Tata Power Company Ltd.,877.8,8.3
April,Gurgaon,Orient Green,556.05,8.3
December,Gurgaon,Adani Power Ltd.,400.4,8.3
March,Gurgaon,Orient Green,700.7,8.3
September,Gurgaon,Reliance Energy,679.8,8.3
July,Gurgaon,Adani Power Ltd.,1254,8.3
March,Gurgaon,Adani Power Ltd.,541.2,8.3
June,Gurgaon,Adani Power Ltd.,1722.6,8.3
December,Gurgaon,Orient Green,586.08,8.3
October,Gurgaon,Tata Power Company Ltd.,684.2,8.3
July,Gurgaon,Orient Green,1683,8.3
May,Gurgaon,Adani Power Ltd.,662.2,8.3
October,Gurgaon,Indowind Energy,723.8,8.3
April,Gurgaon,Orient Green,1105.5,8.3
February,Gurgaon,Tata Power Company Ltd.,494.56,8.3
January,Gurgaon,Tata Power Company Ltd.,550.88,8.3
February,Gurgaon,Indowind Energy,438.24,8.3
June,Gurgaon,Reliance Energy,1346.4,8.3
September,Gurgaon,Indowind Energy,601.92,8.3
May,Gurgaon,Orient Green,1053.8,8.3
February,Gurgaon,Orient Green,388.96,8.3
September,Gurgaon,Orient Green,682.44,8.3
November,Gurgaon,Indowind Energy,340.56,8.3
April,Gurgaon,Tata Power Company Ltd.,928.95,8.3
January,Gurgaon,Reliance Energy,538.56,8.3
June,Gurgaon,Tata Power Company Ltd.,1798.5,8.3
June,Gurgaon,Indowind Energy,1158.3,8.3
November,Gurgaon,Reliance Energy,506.88,8.3
October,Gurgaon,Reliance Energy,547.8,8.3
August,Gurgaon,Indowind Energy,1496.55,8.3
June,Gurgaon,Adani Power Ltd.,2115.3,8.3
November,Gurgaon,Indowind Energy,506.88,8.3
May,Gurgaon,Tata Power Company Ltd.,1438.8,8.3
July,Gurgaon,Adani Power Ltd.,1392.6,8.3
January,Gurgaon,Indowind Energy,648.56,8.3
April,Gurgaon,Orient Green,633.6,8.3
April,Gurgaon,Orient Green,765.6,8.3
October,Gurgaon,Reliance Energy,485.1,8.3
May,Gurgaon,Orient Green,1537.8,8.3
September,Gurgaon,Reliance Energy,950.4,8.3
October,Gurgaon,Reliance Energy,625.9,8.3
August,Gurgaon,Tata Power Company Ltd.,985.05,8.3
July,Gurgaon,Orient Green,2841.3,8.3
January,Gurgaon,Reliance Energy,475.2,8.3
March,Gurgaon,Reliance Energy,699.6,8.3
March,Gurgaon,Orient Green,431.2,8.3
September,Gurgaon,Adani Power Ltd.,887.04,8.3
December,Gurgaon,Reliance Energy,187.44,8.3
January,Gurgaon,Tata Power Company Ltd.,471.68,8.3
August,Gurgaon,Reliance Energy,1184.7,8.3
January,Gurgaon,Orient Green,527.12,8.3
June,Gurgaon,Reliance Energy,1310.1,8.3
April,Gurgaon,Indowind Energy,699.6,8.3
March,Gurgaon,Reliance Energy,325.6,8.3
June,Gurgaon,Indowind Energy,488.4,8.3
April,Gurgaon,Reliance Energy,574.2,8.3
November,Gurgaon,Indowind Energy,221.76,8.3
March,Gurgaon,Reliance Energy,537.9,8.3
April,Gurgaon,Indowind Energy,882.75,8.3
May,Gurgaon,Reliance Energy,3075.6,8.3
October,Gurgaon,Adani Power Ltd.,679.8,8.3
November,Gurgaon,Adani Power Ltd.,484.88,8.3
April,Gurgaon,Adani Power Ltd.,691.35,8.3
October,Gurgaon,Tata Power Company Ltd.,487.3,8.3
June,Gurgaon,Indowind Energy,1828.2,8.3
April,Gurgaon,Adani Power Ltd.,1047.75,8.3
March,Gurgaon,Reliance Energy,628.1,8.3
November,Gurgaon,Reliance Energy,382.8,8.3
September,Gurgaon,Indowind Energy,797.28,8.3
October,Gurgaon,Indowind Energy,463.1,8.3
September,Gurgaon,Reliance Energy,782.76,8.3
January,Gurgaon,Reliance Energy,532.4,8.3
July,Gurgaon,Tata Power Company Ltd.,1310.1,8.3
November,Gurgaon,Adani Power Ltd.,271.92,8.3
November,Gurgaon,Adani Power Ltd.,567.6,8.3
December,Gurgaon,Tata Power Company Ltd.,334.4,8.3
February,Gurgaon,Reliance Energy,560.56,8.3
February,Gurgaon,Reliance Energy,430.32,8.3
January,Gurgaon,Indowind Energy,1321.76,8.3
March,Gurgaon,Tata Power Company Ltd.,1168.2,8.3
February,Gurgaon,Reliance Energy,719.84,8.3
May,Gurgaon,Tata Power Company Ltd.,3062.4,8.3
April,Gurgaon,Indowind Energy,1844.7,8.3
June,Gurgaon,Reliance Energy,4151.4,8.3
October,Gurgaon,Orient Green,1135.2,8.3
July,Gurgaon,Reliance Energy,3484.8,8.3
April,Gurgaon,Adani Power Ltd.,1874.4,8.3
March,Gurgaon,Tata Power Company Ltd.,794.2,8.3
April,Gurgaon,Tata Power Company Ltd.,1527.9,8.3
March,Gurgaon,Orient Green,1709.4,8.3
April,Gurgaon,Indowind Energy,1735.8,8.3
March,Gurgaon,Indowind Energy,946,8.3
July,Gurgaon,Orient Green,4098.6,8.3
November,Gurgaon,Reliance Energy,663.52,8.3
October,Gurgaon,Reliance Energy,1309,8.3
August,Gurgaon,Reliance Energy,1996.5,8.3
December,Gurgaon,Reliance Energy,728.64,8.3
August,Gurgaon,Indowind Energy,1755.6,8.3
July,Gurgaon,Reliance Energy,4230.6,8.3
July,Gurgaon,Tata Power Company Ltd.,3603.6,8.3
May,Gurgaon,Adani Power Ltd.,2406.8,8.3
March,Gurgaon,Tata Power Company Ltd.,1333.2,8.3
May,Gurgaon,Reliance Energy,1914,8.3
January,Gurgaon,Orient Green,466.4,8.3
January,Gurgaon,Orient Green,924,8.3
March,Gurgaon,Tata Power Company Ltd.,882.2,8.3
July,Gurgaon,Tata Power Company Ltd.,3847.8,8.3
August,Gurgaon,Indowind Energy,2795.1,8.3
January,Gurgaon,Adani Power Ltd.,700.48,8.3
November,Gurgaon,Indowind Energy,1420.32,8.3
September,Gurgaon,Adani Power Ltd.,1689.6,8.3
November,Gurgaon,Tata Power Company Ltd.,1320,8.3
October,Gurgaon,Reliance Energy,1005.4,8.3
December,Gurgaon,Orient Green,469.92,8.3
March,Gurgaon,Orient Green,950.4,8.3
November,Gurgaon,Adani Power Ltd.,851.84,8.3
January,Gurgaon,Reliance Energy,1031.36,8.3
July,Gurgaon,Indowind Energy,2455.2,8.3
February,Gurgaon,Indowind Energy,763.84,8.3
October,Gurgaon,Reliance Energy,1364,8.3
August,Gurgaon,Indowind Energy,1884.3,8.3
August,Gurgaon,Reliance Energy,1184.7,8.3
January,Gurgaon,Indowind Energy,1119.36,8.3
March,Gurgaon,Reliance Energy,1056,8.3
March,Gurgaon,Indowind Energy,1718.2,8.3
December,Gurgaon,Indowind Energy,637.12,8.3
August,Gurgaon,Reliance Energy,2046,8.3
January,Gurgaon,Tata Power Company Ltd.,853.6,8.3
May,Gurgaon,Adani Power Ltd.,2838,8.3
July,Gurgaon,Tata Power Company Ltd.,5346,8.3
February,Gurgaon,Adani Power Ltd.,820.16,8.3
May,Gurgaon,Orient Green,2547.6,8.3
November,Gurgaon,Indowind Energy,1063.04,8.3
September,Gurgaon,Adani Power Ltd.,1238.16,8.3
February,Gurgaon,Adani Power Ltd.,821.92,8.3
December,Gurgaon,Indowind Energy,751.52,8.3
May,Gurgaon,Orient Green,1909.6,8.3
September,Gurgaon,Orient Green,1391.28,8.3
August,Gurgaon,Tata Power Company Ltd.,2392.5,8.3
March,Gurgaon,Adani Power Ltd.,1245.2,8.3
February,Gurgaon,Reliance Energy,934.56,8.3
December,Gurgaon,Orient Green,644.16,8.3
September,Gurgaon,Adani Power Ltd.,1399.2,8.3
July,Gurgaon,Adani Power Ltd.,4626.6,8.3
August,Gurgaon,Tata Power Company Ltd.,1379.4,8.3
November,Gurgaon,Indowind Energy,841.28,8.3
October,Gurgaon,Tata Power Company Ltd.,772.2,8.3
March,Gurgaon,Indowind Energy,1452,8.3
July,Gurgaon,Tata Power Company Ltd.,4785,8.3
November,Gurgaon,Indowind Energy,1207.36,8.3
December,Gurgaon,Orient Green,913.44,8.3
June,Gurgaon,Adani Power Ltd.,2871,8.3
December,Gurgaon,Orient Green,696.96,8.3
July,Gurgaon,Reliance Energy,3313.2,8.3
July,Gurgaon,Indowind Energy,3247.2,8.3
September,Gurgaon,Orient Green,1127.28,8.3
May,Gurgaon,Orient Green,3198.8,8.3
June,Gurgaon,Reliance Energy,2204.4,8.3
May,Gurgaon,Tata Power Company Ltd.,2455.2,8.3
October,Gurgaon,Reliance Energy,1452,8.3
September,Gurgaon,Reliance Energy,1623.6,8.3
December,Gurgaon,Orient Green,890.56,8.3
July,Gurgaon,Orient Green,5108.4,8.3
December,Gurgaon,Indowind Energy,1122.88,8.3
September,Gurgaon,Adani Power Ltd.,1378.08,8.3
September,Gurgaon,Indowind Energy,1858.56,8.3
February,Gurgaon,Orient Green,989.12,8.3
March,Gurgaon,Orient Green,1157.2,8.3
March,Gurgaon,Orient Green,1278.2,8.3
July,Gurgaon,Tata Power Company Ltd.,4111.8,8.3
September,Gurgaon,Adani Power Ltd.,1655.28,8.3
July,Gurgaon,Reliance Energy,3352.8,8.3
December,Gurgaon,Tata Power Company Ltd.,721.6,8.3
March,Gurgaon,Reliance Energy,943.8,8.3
September,Gurgaon,Orient Green,2067.12,8.3
September,Gurgaon,Orient Green,1642.08,8.3
January,Gurgaon,Reliance Energy,674.08,8.3
April,Gurgaon,Adani Power Ltd.,2214.3,8.3
March,Gurgaon,Indowind Energy,715,8.3
September,Gurgaon,Adani Power Ltd.,1267.2,8.3
May,Gurgaon,Reliance Energy,2926,8.3
July,Gurgaon,Indowind Energy,4474.8,8.3
March,Gurgaon,Tata Power Company Ltd.,1133,8.3
December,Gurgaon,Indowind Energy,1066.56,8.3
February,Gurgaon,Orient Green,1080.64,8.3
February,Gurgaon,Adani Power Ltd.,799.04,8.3
October,Gurgaon,Adani Power Ltd.,1102.2,8.3
July,Gurgaon,Reliance Energy,4573.8,8.3
October,Gurgaon,Tata Power Company Ltd.,1606,8.3
April,Gurgaon,Orient Green,2663.1,8.3
February,Gurgaon,Adani Power Ltd.,906.4,8.3
August,Gurgaon,Adani Power Ltd.,1686.3,8.3
July,Gurgaon,Orient Green,3220.8,8.3
December,Gurgaon,Indowind Energy,969.76,8.3
April,Gurgaon,Indowind Energy,970.2,8.3
June,Gurgaon,Adani Power Ltd.,4547.4,8.3
October,Gurgaon,Adani Power Ltd.,1126.4,8.3
March,Gurgaon,Indowind Energy,1727,8.3
January,Gurgaon,Reliance Energy,1408,8.3
September,Gurgaon,Orient Green,1293.6,8.3
February,Gurgaon,Reliance Energy,630.08,8.3
July,Gurgaon,Tata Power Company Ltd.,4719,8.3
January,Gurgaon,Orient Green,929.28,8.3
April,Gurgaon,Reliance Energy,1818.3,8.3
August,Gurgaon,Reliance Energy,2329.8,8.3
May,Gurgaon,Tata Power Company Ltd.,2855.6,8.3
April,Gurgaon,Adani Power Ltd.,1818.3,8.3
June,Gurgaon,Tata Power Company Ltd.,3834.6,8.3
August,Gurgaon,Adani Power Ltd.,1646.7,8.3
August,Gurgaon,Adani Power Ltd.,2326.5,8.3
March,Gurgaon,Reliance Energy,1502.6,8.3
April,Gurgaon,Tata Power Company Ltd.,2069.1,8.3
May,Gurgaon,Reliance Energy,2398,8.3
October,Gurgaon,Orient Green,1130.8,8.3
December,Gurgaon,Tata Power Company Ltd.,953.92,8.3
October,Gurgaon,Indowind Energy,1251.8,8.3
June,Gurgaon,Tata Power Company Ltd.,4118.4,8.3
June,Gurgaon,Orient Green,2442,8.3
November,Gurgaon,Tata Power Company Ltd.,1085.92,8.3
October,Gurgaon,Adani Power Ltd.,996.6,8.3
April,Gurgaon,Adani Power Ltd.,1491.6,8.3
October,Gurgaon,Adani Power Ltd.,1003.2,8.3
October,Gurgaon,Reliance Energy,800.8,8.3
April,Gurgaon,Tata Power Company Ltd.,1329.9,8.3
February,Gurgaon,Adani Power Ltd.,758.56,8.3
May,Gurgaon,Reliance Energy,1377.2,8.3
September,Gurgaon,Reliance Energy,1211.76,8.3
April,Gurgaon,Adani Power Ltd.,1359.6,8.3
December,Gurgaon,Reliance Energy,777.92,8.3
November,Gurgaon,Orient Green,888.8,8.3
April,Gurgaon,Indowind Energy,1557.6,8.3
February,Gurgaon,Indowind Energy,897.6,8.3
August,Gurgaon,Indowind Energy,2009.7,8.3
February,Gurgaon,Reliance Energy,941.6,8.3
May,Gurgaon,Adani Power Ltd.,3084.4,8.3
January,Gurgaon,Tata Power Company Ltd.,1124.64,8.3
May,Gurgaon,Indowind Energy,2257.2,8.3
August,Gurgaon,Adani Power Ltd.,1316.7,8.3
June,Gurgaon,Orient Green,3115.2,8.3
April,Gurgaon,Tata Power Company Ltd.,1940.4,8.3
February,Gurgaon,Reliance Energy,610.72,8.3
August,Gurgaon,Orient Green,1854.6,8.3
June,Gurgaon,Reliance Energy,2349.6,8.3
May,Gurgaon,Orient Green,2587.2,8.3
October,Gurgaon,Indowind Energy,1339.8,8.3
February,Gurgaon,Orient Green,348.48,8.3
January,Gurgaon,Adani Power Ltd.,839.52,8.3
January,Gurgaon,Orient Green,846.56,8.3
December,Gurgaon,Adani Power Ltd.,670.56,8.3
August,Gurgaon,Tata Power Company Ltd.,1650,8.3
February,Gurgaon,Reliance Energy,679.36,8.3
April,Gurgaon,Reliance Energy,1636.8,8.3
May,Gurgaon,Reliance Energy,1812.8,8.3
September,Gurgaon,Indowind Energy,1499.52,8.3
October,Gurgaon,Tata Power Company Ltd.,1416.8,8.3
July,Gurgaon,Reliance Energy,1630.2,8.3
August,Gurgaon,Reliance Energy,1244.1,8.3
December,Gurgaon,Orient Green,871.2,8.3
January,Gurgaon,Adani Power Ltd.,1031.36,8.3
February,Gurgaon,Orient Green,635.36,8.3
July,Gurgaon,Indowind Energy,2296.8,8.3
April,Gurgaon,Adani Power Ltd.,1679.7,8.3
May,Gurgaon,Orient Green,2776.4,8.3
February,Gurgaon,Adani Power Ltd.,1020.8,8.3
October,Gurgaon,Reliance Energy,1001,8.3
September,Gurgaon,Indowind Energy,1351.68,8.3
February,Gurgaon,Reliance Energy,535.04,8.3
May,Gurgaon,Orient Green,1949.2,8.3
May,Gurgaon,Orient Green,1984.4,8.3
September,Gurgaon,Indowind Energy,1296.24,8.3
April,Gurgaon,Tata Power Company Ltd.,2128.5,8.3
April,Gurgaon,Reliance Energy,1620.3,8.3
October,Gurgaon,Reliance Energy,1377.2,8.3
June,Gurgaon,Reliance Energy,2673,8.3
June,Gurgaon,Reliance Energy,2890.8,8.3
November,Gurgaon,Reliance Energy,883.52,8.3
October,Gurgaon,Tata Power Company Ltd.,1181.4,8.3
September,Gurgaon,Adani Power Ltd.,1568.16,8.3
April,Gurgaon,Tata Power Company Ltd.,2125.2,8.3
July,Gurgaon,Reliance Energy,4481.4,8.3
February,Gurgaon,Tata Power Company Ltd.,899.36,8.3
January,Gurgaon,Indowind Energy,742.72,8.3
August,Gurgaon,Adani Power Ltd.,1719.3,8.3
March,Gurgaon,Tata Power Company Ltd.,899.8,8.3
July,Gurgaon,Orient Green,4402.2,8.3
July,Gurgaon,Reliance Energy,3649.8,8.3
April,Gurgaon,Indowind Energy,1346.4,8.3
February,Gurgaon,Indowind Energy,667.04,8.3
September,Gurgaon,Tata Power Company Ltd.,1378.08,8.3
April,Gurgaon,Indowind Energy,1834.8,8.3
June,Gurgaon,Orient Green,3742.2,8.3
April,Gurgaon,Reliance Energy,1277.1,8.3
March,Gurgaon,Orient Green,1117.6,8.3
September,Gurgaon,Tata Power Company Ltd.,1488.96,8.3
November,Gurgaon,Orient Green,802.56,8.3
June,Gurgaon,Adani Power Ltd.,3828,8.3
June,Gurgaon,Reliance Energy,4725.6,8.3
July,Gurgaon,Indowind Energy,3445.2,8.3
March,Gurgaon,Adani Power Ltd.,1240.8,8.3
November,Gurgaon,Reliance Energy,767.36,8.3
October,Gurgaon,Tata Power Company Ltd.,1190.2,8.3
September,Gurgaon,Indowind Energy,1082.4,8.3
April,Gurgaon,Orient Green,1894.2,8.3
December,Gurgaon,Tata Power Company Ltd.,1029.6,8.3
December,Gurgaon,Tata Power Company Ltd.,716.32,8.3
October,Gurgaon,Indowind Energy,1368.4,8.3
June,Gurgaon,Reliance Energy,4540.8,8.3
October,Gurgaon,Adani Power Ltd.,1320,8.3
February,Gurgaon,Reliance Energy,1288.32,8.3
June,Gurgaon,Adani Power Ltd.,4243.8,8.3
January,Gurgaon,Indowind Energy,946.88,8.3
July,Gurgaon,Orient Green,3834.6,8.3
July,Gurgaon,Indowind Energy,2739,8.3
November,Gurgaon,Orient Green,573.76,8.3
April,Gurgaon,Indowind Energy,1907.4,8.3
July,Gurgaon,Orient Green,4039.2,8.3
September,Gurgaon,Tata Power Company Ltd.,1631.52,8.3
November,Gurgaon,Indowind Energy,1008.48,8.3
January,Gurgaon,Tata Power Company Ltd.,1186.24,8.3
September,Gurgaon,Adani Power Ltd.,1953.6,8.3
December,Gurgaon,Orient Green,742.72,8.3
February,Gurgaon,Indowind Energy,968,8.3
May,Gurgaon,Reliance Energy,2613.6,8.3
January,Gurgaon,Orient Green,973.28,8.3
July,Gurgaon,Tata Power Company Ltd.,3168,8.3
February,Gurgaon,Reliance Energy,853.6,8.3
November,Gurgaon,Orient Green,1112.32,8.3
November,Gurgaon,Indowind Energy,388.96,8.3
October,Gurgaon,Orient Green,1104.4,8.3
November,Gurgaon,Adani Power Ltd.,1195.04,8.3
April,Gurgaon,Tata Power Company Ltd.,1475.1,8.3
May,Gurgaon,Tata Power Company Ltd.,2675.2,8.3
September,Gurgaon,Tata Power Company Ltd.,1232.88,8.3
June,Gurgaon,Orient Green,4686,8.3
August,Gurgaon,Reliance Energy,1541.1,8.3
May,Gurgaon,Indowind Energy,1760,8.3
September,Gurgaon,Reliance Energy,1349.04,8.3
September,Gurgaon,Orient Green,1562.88,8.3
November,Gurgaon,Reliance Energy,1305.92,8.3
March,Gurgaon,Orient Green,1366.2,8.3
April,Gurgaon,Adani Power Ltd.,1669.8,8.3
June,Gurgaon,Indowind Energy,3537.6,8.3
November,Gurgaon,Indowind Energy,681.12,8.3
April,Gurgaon,Orient Green,1244.1,8.3
February,Gurgaon,Tata Power Company Ltd.,596.64,8.3
August,Gurgaon,Adani Power Ltd.,1963.5,8.3
February,Gurgaon,Orient Green,762.08,8.3
March,Gurgaon,Reliance Energy,1027.4,8.3
June,Gurgaon,Tata Power Company Ltd.,3359.4,8.3
October,Gurgaon,Indowind Energy,873.4,8.3
October,Gurgaon,Adani Power Ltd.,1370.6,8.3
December,Gurgaon,Tata Power Company Ltd.,480.48,8.3
October,Gurgaon,Indowind Energy,1051.6,8.3
August,Gurgaon,Adani Power Ltd.,1861.2,8.3
November,Gurgaon,Tata Power Company Ltd.,966.24,8.3
August,Gurgaon,Orient Green,2059.2,8.3
October,Gurgaon,Tata Power Company Ltd.,1240.8,8.3
August,Gurgaon,Orient Green,1996.5,8.3
June,Gurgaon,Indowind Energy,3088.8,8.3
October,Gurgaon,Adani Power Ltd.,1194.6,8.3
July,Gurgaon,Orient Green,3808.2,8.3
March,Gurgaon,Orient Green,1447.6,8.3
October,Gurgaon,Orient Green,1144,8.3
August,Gurgaon,Tata Power Company Ltd.,1567.5,8.3
October,Gurgaon,Orient Green,1227.6,8.3
December,Gurgaon,Tata Power Company Ltd.,1008.48,8.3
March,Gurgaon,Indowind Energy,974.6,8.3
November,Gurgaon,Tata Power Company Ltd.,765.6,8.3
February,Gurgaon,Reliance Energy,836,8.3
September,Gurgaon,Orient Green,1127.28,8.3
August,Gurgaon,Orient Green,1584,8.3
September,Gurgaon,Orient Green,1782,8.3
April,Gurgaon,Tata Power Company Ltd.,1894.2,8.3
June,Gurgaon,Indowind Energy,4435.2,8.3
December,Gurgaon,Adani Power Ltd.,915.2,8.3
March,Gurgaon,Adani Power Ltd.,1661,8.3
August,Gurgaon,Reliance Energy,1135.2,8.3
December,Gurgaon,Indowind Energy,758.56,8.3
December,Gurgaon,Indowind Energy,971.52,8.3
January,Gurgaon,Tata Power Company Ltd.,978.56,8.3
September,Gurgaon,Reliance Energy,873.84,8.3
July,Gurgaon,Indowind Energy,4237.2,8.3
September,Gurgaon,Reliance Energy,960.96,8.3
May,Gurgaon,Reliance Energy,1883.2,8.3
September,Gurgaon,Orient Green,1087.68,8.3
August,Hyderabad,Adani Power Ltd.,438.6,8.4
December,Hyderabad,Orient Green,308.04,8.4
November,Hyderabad,Reliance Energy,356.32,8.4
June,Hyderabad,Adani Power Ltd.,1512.15,8.4
January,Hyderabad,Orient Green,294.44,8.4
April,Hyderabad,Orient Green,606.9,8.4
April,Hyderabad,Reliance Energy,488.325,8.4
February,Hyderabad,Orient Green,485.52,8.4
February,Hyderabad,Tata Power Company Ltd.,367.88,8.4
April,Hyderabad,Reliance Energy,928.2,8.4
March,Hyderabad,Tata Power Company Ltd.,414.8,8.4
January,Hyderabad,Adani Power Ltd.,410.04,8.4
September,Hyderabad,Adani Power Ltd.,780.3,8.4
April,Hyderabad,Adani Power Ltd.,549.525,8.4
July,Hyderabad,Orient Green,1053.15,8.4
February,Hyderabad,Tata Power Company Ltd.,214.2,8.4
June,Hyderabad,Indowind Energy,1481.55,8.4
April,Hyderabad,Tata Power Company Ltd.,601.8,8.4
December,Hyderabad,Tata Power Company Ltd.,241.4,8.4
October,Hyderabad,Adani Power Ltd.,414.8,8.4
November,Hyderabad,Reliance Energy,259.08,8.4
July,Hyderabad,Indowind Energy,1308.15,8.4
March,Hyderabad,Reliance Energy,376.55,8.4
November,Hyderabad,Adani Power Ltd.,301.24,8.4
May,Hyderabad,Indowind Energy,1071,8.4
June,Hyderabad,Tata Power Company Ltd.,963.9,8.4
July,Hyderabad,Orient Green,1343.85,8.4
August,Hyderabad,Orient Green,754.8,8.4
May,Hyderabad,Orient Green,450.5,8.4
November,Hyderabad,Tata Power Company Ltd.,362.44,8.4
December,Hyderabad,Adani Power Ltd.,244.8,8.4
December,Hyderabad,Indowind Energy,390.32,8.4
November,Hyderabad,Reliance Energy,335.24,8.4
December,Hyderabad,Reliance Energy,364.48,8.4
June,Hyderabad,Tata Power Company Ltd.,1088.85,8.4
April,Hyderabad,Reliance Energy,912.9,8.4
April,Hyderabad,Tata Power Company Ltd.,715.275,8.4
June,Hyderabad,Orient Green,1468.8,8.4
December,Hyderabad,Orient Green,420.24,8.4
June,Hyderabad,Adani Power Ltd.,1206.15,8.4
December,Hyderabad,Tata Power Company Ltd.,354.96,8.4
March,Hyderabad,Adani Power Ltd.,509.15,8.4
April,Hyderabad,Adani Power Ltd.,698.7,8.4
July,Hyderabad,Orient Green,1287.75,8.4
June,Hyderabad,Adani Power Ltd.,1425.45,8.4
November,Hyderabad,Adani Power Ltd.,344.08,8.4
October,Hyderabad,Adani Power Ltd.,375.7,8.4
March,Hyderabad,Adani Power Ltd.,574.6,8.4
July,Hyderabad,Indowind Energy,1264.8,8.4
October,Hyderabad,Tata Power Company Ltd.,643.45,8.4
February,Hyderabad,Orient Green,273.36,8.4
November,Hyderabad,Adani Power Ltd.,438.6,8.4
November,Hyderabad,Tata Power Company Ltd.,527,8.4
September,Hyderabad,Orient Green,473.28,8.4
July,Hyderabad,Orient Green,1053.15,8.4
August,Hyderabad,Reliance Energy,692.325,8.4
August,Hyderabad,Orient Green,830.025,8.4
October,Hyderabad,Adani Power Ltd.,573.75,8.4
October,Hyderabad,Reliance Energy,489.6,8.4
February,Hyderabad,Indowind Energy,310.08,8.4
July,Hyderabad,Reliance Energy,1619.25,8.4
March,Hyderabad,Reliance Energy,340.85,8.4
June,Hyderabad,Orient Green,1254.6,8.4
July,Hyderabad,Adani Power Ltd.,2078.25,8.4
May,Hyderabad,Tata Power Company Ltd.,703.8,8.4
September,Hyderabad,Indowind Energy,402.9,8.4
April,Hyderabad,Tata Power Company Ltd.,706.35,8.4
July,Hyderabad,Adani Power Ltd.,928.2,8.4
November,Hyderabad,Reliance Energy,350.88,8.4
July,Hyderabad,Orient Green,1417.8,8.4
February,Hyderabad,Orient Green,373.32,8.4
December,Hyderabad,Tata Power Company Ltd.,436.56,8.4
October,Hyderabad,Reliance Energy,560.15,8.4
December,Hyderabad,Orient Green,384.2,8.4
October,Hyderabad,Orient Green,568.65,8.4
January,Hyderabad,Adani Power Ltd.,358.36,8.4
October,Hyderabad,Reliance Energy,300.05,8.4
April,Hyderabad,Adani Power Ltd.,837.675,8.4
February,Hyderabad,Adani Power Ltd.,489.6,8.4
April,Hyderabad,Tata Power Company Ltd.,981.75,8.4
September,Hyderabad,Orient Green,606.9,8.4
April,Hyderabad,Orient Green,563.55,8.4
June,Hyderabad,Adani Power Ltd.,1369.35,8.4
September,Hyderabad,Indowind Energy,569.16,8.4
August,Hyderabad,Adani Power Ltd.,590.325,8.4
September,Hyderabad,Orient Green,594.66,8.4
August,Hyderabad,Reliance Energy,626.025,8.4
November,Hyderabad,Tata Power Company Ltd.,429.76,8.4
January,Hyderabad,Reliance Energy,350.88,8.4
July,Hyderabad,Adani Power Ltd.,1331.1,8.4
July,Hyderabad,Adani Power Ltd.,1280.1,8.4
August,Hyderabad,Indowind Energy,750.975,8.4
April,Hyderabad,Orient Green,517.65,8.4
April,Hyderabad,Adani Power Ltd.,750.975,8.4
November,Hyderabad,Adani Power Ltd.,254.32,8.4
December,Hyderabad,Orient Green,281.52,8.4
February,Hyderabad,Adani Power Ltd.,417.52,8.4
February,Hyderabad,Adani Power Ltd.,216.92,8.4
December,Hyderabad,Tata Power Company Ltd.,476.68,8.4
October,Hyderabad,Indowind Energy,543.15,8.4
July,Hyderabad,Indowind Energy,1037.85,8.4
October,Hyderabad,Adani Power Ltd.,402.05,8.4
May,Hyderabad,Indowind Energy,861.9,8.4
April,Hyderabad,Adani Power Ltd.,780.3,8.4
February,Hyderabad,Reliance Energy,265.2,8.4
January,Hyderabad,Tata Power Company Ltd.,349.52,8.4
August,Hyderabad,Orient Green,608.175,8.4
March,Hyderabad,Orient Green,501.5,8.4
October,Hyderabad,Reliance Energy,555.9,8.4
March,Hyderabad,Adani Power Ltd.,201.45,8.4
December,Hyderabad,Adani Power Ltd.,385.56,8.4
February,Hyderabad,Indowind Energy,318.24,8.4
August,Hyderabad,Reliance Energy,604.35,8.4
October,Hyderabad,Reliance Energy,505.75,8.4
July,Hyderabad,Orient Green,1129.65,8.4
September,Hyderabad,Orient Green,243.78,8.4
February,Hyderabad,Tata Power Company Ltd.,403.92,8.4
June,Hyderabad,Adani Power Ltd.,1624.35,8.4
November,Hyderabad,Orient Green,259.08,8.4
August,Hyderabad,Indowind Energy,609.45,8.4
May,Hyderabad,Tata Power Company Ltd.,1218.9,8.4
July,Hyderabad,Adani Power Ltd.,1147.5,8.4
July,Hyderabad,Adani Power Ltd.,1088.85,8.4
September,Hyderabad,Indowind Energy,609.96,8.4
July,Hyderabad,Tata Power Company Ltd.,1382.1,8.4
January,Hyderabad,Tata Power Company Ltd.,383.52,8.4
January,Hyderabad,Orient Green,312.12,8.4
June,Hyderabad,Indowind Energy,1402.5,8.4
June,Hyderabad,Reliance Energy,1282.65,8.4
April,Hyderabad,Adani Power Ltd.,791.775,8.4
February,Hyderabad,Orient Green,306.68,8.4
August,Hyderabad,Tata Power Company Ltd.,952.425,8.4
November,Hyderabad,Tata Power Company Ltd.,365.16,8.4
June,Hyderabad,Indowind Energy,1124.55,8.4
October,Hyderabad,Reliance Energy,916.3,8.4
February,Hyderabad,Indowind Energy,390.32,8.4
November,Hyderabad,Orient Green,722.16,8.4
March,Hyderabad,Tata Power Company Ltd.,804.1,8.4
October,Hyderabad,Indowind Energy,1077.8,8.4
May,Hyderabad,Orient Green,1958.4,8.4
November,Hyderabad,Adani Power Ltd.,580.72,8.4
January,Hyderabad,Adani Power Ltd.,871.76,8.4
November,Hyderabad,Tata Power Company Ltd.,792.88,8.4
November,Hyderabad,Adani Power Ltd.,659.6,8.4
May,Hyderabad,Adani Power Ltd.,1791.8,8.4
February,Hyderabad,Indowind Energy,567.12,8.4
October,Hyderabad,Tata Power Company Ltd.,875.5,8.4
September,Hyderabad,Indowind Energy,1048.56,8.4
April,Hyderabad,Tata Power Company Ltd.,1399.95,8.4
June,Hyderabad,Tata Power Company Ltd.,1749.3,8.4
February,Hyderabad,Indowind Energy,650.08,8.4
March,Hyderabad,Tata Power Company Ltd.,970.7,8.4
May,Hyderabad,Reliance Energy,1557.2,8.4
April,Hyderabad,Reliance Energy,711.45,8.4
August,Hyderabad,Adani Power Ltd.,1134.75,8.4
October,Hyderabad,Reliance Energy,1222.3,8.4
November,Hyderabad,Adani Power Ltd.,728.96,8.4
June,Hyderabad,Adani Power Ltd.,2412.3,8.4
May,Hyderabad,Tata Power Company Ltd.,2291.6,8.4
April,Hyderabad,Indowind Energy,655.35,8.4
August,Hyderabad,Reliance Energy,1527.45,8.4
August,Hyderabad,Reliance Energy,897.6,8.4
April,Hyderabad,Adani Power Ltd.,1479,8.4
March,Hyderabad,Adani Power Ltd.,601.8,8.4
May,Hyderabad,Orient Green,1601.4,8.4
January,Hyderabad,Reliance Energy,629.68,8.4
December,Hyderabad,Reliance Energy,510,8.4
December,Hyderabad,Orient Green,752.08,8.4
December,Hyderabad,Indowind Energy,490.96,8.4
April,Hyderabad,Reliance Energy,1088.85,8.4
August,Hyderabad,Indowind Energy,1415.25,8.4
September,Hyderabad,Orient Green,779.28,8.4
April,Hyderabad,Orient Green,1216.35,8.4
March,Hyderabad,Orient Green,530.4,8.4
December,Hyderabad,Adani Power Ltd.,851.36,8.4
June,Hyderabad,Indowind Energy,1581,8.4
November,Hyderabad,Adani Power Ltd.,376.72,8.4
May,Hyderabad,Adani Power Ltd.,1190,8.4
January,Hyderabad,Indowind Energy,505.92,8.4
October,Hyderabad,Tata Power Company Ltd.,948.6,8.4
July,Hyderabad,Adani Power Ltd.,3498.6,8.4
February,Hyderabad,Orient Green,632.4,8.4
November,Hyderabad,Indowind Energy,881.28,8.4
December,Hyderabad,Indowind Energy,685.44,8.4
May,Hyderabad,Reliance Energy,1686.4,8.4
April,Hyderabad,Orient Green,1226.55,8.4
July,Hyderabad,Orient Green,4641,8.4
March,Hyderabad,Reliance Energy,1082.9,8.4
May,Hyderabad,Orient Green,1751,8.4
June,Hyderabad,Orient Green,3238.5,8.4
November,Hyderabad,Adani Power Ltd.,871.76,8.4
February,Hyderabad,Adani Power Ltd.,565.76,8.4
November,Hyderabad,Reliance Energy,707.2,8.4
July,Hyderabad,Tata Power Company Ltd.,1887,8.4
May,Hyderabad,Indowind Energy,863.6,8.4
March,Hyderabad,Indowind Energy,938.4,8.4
September,Hyderabad,Indowind Energy,1156.68,8.4
December,Hyderabad,Tata Power Company Ltd.,616.08,8.4
December,Hyderabad,Orient Green,837.76,8.4
August,Hyderabad,Tata Power Company Ltd.,1787.55,8.4
June,Hyderabad,Orient Green,2391.9,8.4
January,Hyderabad,Tata Power Company Ltd.,821.44,8.4
January,Hyderabad,Tata Power Company Ltd.,646,8.4
September,Hyderabad,Reliance Energy,663,8.4
January,Hyderabad,Orient Green,617.44,8.4
February,Hyderabad,Tata Power Company Ltd.,597.04,8.4
May,Hyderabad,Indowind Energy,2182.8,8.4
March,Hyderabad,Orient Green,882.3,8.4
January,Hyderabad,Indowind Energy,631.04,8.4
June,Hyderabad,Orient Green,1779.9,8.4
July,Hyderabad,Tata Power Company Ltd.,2468.4,8.4
November,Hyderabad,Reliance Energy,840.48,8.4
June,Hyderabad,Orient Green,2034.9,8.4
September,Hyderabad,Tata Power Company Ltd.,1283.16,8.4
June,Hyderabad,Adani Power Ltd.,1723.8,8.4
February,Hyderabad,Tata Power Company Ltd.,590.24,8.4
February,Hyderabad,Adani Power Ltd.,888.08,8.4
April,Hyderabad,Indowind Energy,1099.05,8.4
March,Hyderabad,Indowind Energy,834.7,8.4
December,Hyderabad,Orient Green,811.92,8.4
July,Hyderabad,Orient Green,2922.3,8.4
February,Hyderabad,Orient Green,331.84,8.4
September,Hyderabad,Orient Green,1332.12,8.4
January,Hyderabad,Tata Power Company Ltd.,617.44,8.4
November,Hyderabad,Tata Power Company Ltd.,629.68,8.4
February,Hyderabad,Adani Power Ltd.,606.56,8.4
September,Hyderabad,Indowind Energy,1436.16,8.4
January,Hyderabad,Indowind Energy,675.92,8.4
March,Hyderabad,Orient Green,982.6,8.4
October,Hyderabad,Adani Power Ltd.,953.7,8.4
October,Hyderabad,Adani Power Ltd.,928.2,8.4
November,Hyderabad,Tata Power Company Ltd.,527.68,8.4
October,Hyderabad,Tata Power Company Ltd.,1421.2,8.4
May,Hyderabad,Indowind Energy,1931.2,8.4
March,Hyderabad,Adani Power Ltd.,936.7,8.4
July,Hyderabad,Tata Power Company Ltd.,2213.4,8.4
June,Hyderabad,Reliance Energy,2126.7,8.4
November,Hyderabad,Orient Green,796.96,8.4
February,Hyderabad,Tata Power Company Ltd.,648.72,8.4
June,Hyderabad,Reliance Energy,2626.5,8.4
October,Hyderabad,Orient Green,748,8.4
August,Hyderabad,Reliance Energy,935.85,8.4
June,Hyderabad,Indowind Energy,2708.1,8.4
April,Hyderabad,Orient Green,1091.4,8.4
July,Hyderabad,Orient Green,1443.3,8.4
May,Hyderabad,Adani Power Ltd.,1339.6,8.4
February,Hyderabad,Indowind Energy,554.88,8.4
September,Hyderabad,Indowind Energy,973.08,8.4
March,Hyderabad,Adani Power Ltd.,1264.8,8.4
November,Hyderabad,Tata Power Company Ltd.,558.96,8.4
April,Hyderabad,Indowind Energy,1626.9,8.4
July,Hyderabad,Indowind Energy,2514.3,8.4
May,Hyderabad,Reliance Energy,1978.8,8.4
December,Hyderabad,Reliance Energy,794.24,8.4
January,Hyderabad,Tata Power Company Ltd.,500.48,8.4
February,Hyderabad,Tata Power Company Ltd.,391.68,8.4
January,Hyderabad,Reliance Energy,605.2,8.4
December,Hyderabad,Indowind Energy,837.76,8.4
November,Hyderabad,Orient Green,952,8.4
August,Hyderabad,Orient Green,1639.65,8.4
March,Hyderabad,Tata Power Company Ltd.,984.3,8.4
July,Hyderabad,Reliance Energy,2366.4,8.4
November,Hyderabad,Tata Power Company Ltd.,448.8,8.4
January,Hyderabad,Adani Power Ltd.,874.48,8.4
March,Hyderabad,Tata Power Company Ltd.,1150.9,8.4
February,Hyderabad,Tata Power Company Ltd.,735.76,8.4
March,Hyderabad,Tata Power Company Ltd.,671.5,8.4
August,Hyderabad,Orient Green,1484.1,8.4
April,Hyderabad,Indowind Energy,1848.75,8.4
May,Hyderabad,Reliance Energy,1516.4,8.4
September,Hyderabad,Orient Green,1130.16,8.4
March,Hyderabad,Tata Power Company Ltd.,722.5,8.4
February,Hyderabad,Adani Power Ltd.,403.92,8.4
March,Hyderabad,Reliance Energy,1293.7,8.4
May,Hyderabad,Tata Power Company Ltd.,1040.4,8.4
October,Hyderabad,Orient Green,1001.3,8.4
January,Hyderabad,Adani Power Ltd.,757.52,8.4
August,Hyderabad,Tata Power Company Ltd.,1246.95,8.4
June,Hyderabad,Adani Power Ltd.,2091,8.4
July,Hyderabad,Orient Green,2958,8.4
November,Hyderabad,Tata Power Company Ltd.,724.88,8.4
March,Hyderabad,Tata Power Company Ltd.,753.1,8.4
September,Hyderabad,Orient Green,1207.68,8.4
October,Hyderabad,Orient Green,516.8,8.4
August,Hyderabad,Orient Green,1563.15,8.4
March,Hyderabad,Indowind Energy,768.4,8.4
March,Hyderabad,Indowind Energy,1237.6,8.4
April,Hyderabad,Reliance Energy,1249.5,8.4
March,Hyderabad,Indowind Energy,1069.3,8.4
February,Hyderabad,Adani Power Ltd.,854.08,8.4
April,Hyderabad,Orient Green,1020,8.4
August,Hyderabad,Indowind Energy,1323.45,8.4
November,Hyderabad,Tata Power Company Ltd.,927.52,8.4
July,Hyderabad,Indowind Energy,3243.6,8.4
February,Hyderabad,Adani Power Ltd.,722.16,8.4
September,Hyderabad,Indowind Energy,799.68,8.4
September,Hyderabad,Indowind Energy,1272.96,8.4
November,Hyderabad,Reliance Energy,614.72,8.4
December,Hyderabad,Orient Green,761.6,8.4
May,Hyderabad,Orient Green,1615,8.4
October,Hyderabad,Tata Power Company Ltd.,800.7,8.4
September,Hyderabad,Adani Power Ltd.,1130.16,8.4
July,Hyderabad,Tata Power Company Ltd.,3462.9,8.4
February,Hyderabad,Tata Power Company Ltd.,734.4,8.4
March,Hyderabad,Tata Power Company Ltd.,853.4,8.4
March,Hyderabad,Tata Power Company Ltd.,1004.7,8.4
June,Hyderabad,Indowind Energy,4095.3,8.4
March,Hyderabad,Indowind Energy,885.7,8.4
August,Hyderabad,Indowind Energy,1025.1,8.4
March,Hyderabad,Reliance Energy,1038.7,8.4
April,Hyderabad,Indowind Energy,1774.8,8.4
July,Hyderabad,Indowind Energy,1825.8,8.4
April,Hyderabad,Indowind Energy,1308.15,8.4
May,Hyderabad,Orient Green,1547,8.4
May,Hyderabad,Indowind Energy,2356.2,8.4
July,Hyderabad,Reliance Energy,1917.6,8.4
March,Hyderabad,Orient Green,736.1,8.4
August,Hyderabad,Indowind Energy,1180.65,8.4
January,Hyderabad,Reliance Energy,586.16,8.4
May,Hyderabad,Adani Power Ltd.,1645.6,8.4
February,Hyderabad,Adani Power Ltd.,952,8.4
November,Hyderabad,Reliance Energy,514.08,8.4
July,Hyderabad,Tata Power Company Ltd.,2330.7,8.4
October,Hyderabad,Reliance Energy,685.1,8.4
October,Hyderabad,Tata Power Company Ltd.,627.3,8.4
October,Hyderabad,Adani Power Ltd.,479.4,8.4
July,Hyderabad,Indowind Energy,3136.5,8.4
May,Hyderabad,Indowind Energy,2142,8.4
June,Hyderabad,Reliance Energy,3840.3,8.4
January,Hyderabad,Adani Power Ltd.,529.04,8.4
December,Hyderabad,Indowind Energy,1158.72,8.4
March,Hyderabad,Orient Green,583.1,8.4
September,Hyderabad,Orient Green,1036.32,8.4
October,Hyderabad,Adani Power Ltd.,844.9,8.4
April,Hyderabad,Orient Green,1407.6,8.4
November,Hyderabad,Reliance Energy,549.44,8.4
April,Hyderabad,Adani Power Ltd.,1333.65,8.4
December,Hyderabad,Reliance Energy,631.04,8.4
October,Hyderabad,Orient Green,943.5,8.4
January,Hyderabad,Adani Power Ltd.,817.36,8.4
July,Hyderabad,Tata Power Company Ltd.,3682.2,8.4
April,Hyderabad,Indowind Energy,1652.4,8.4
July,Hyderabad,Adani Power Ltd.,2218.5,8.4
March,Hyderabad,Indowind Energy,1144.1,8.4
October,Hyderabad,Adani Power Ltd.,1174.7,8.4
April,Hyderabad,Orient Green,1540.2,8.4
September,Hyderabad,Reliance Energy,1436.16,8.4
October,Hyderabad,Adani Power Ltd.,482.8,8.4
April,Hyderabad,Reliance Energy,946.05,8.4
October,Hyderabad,Adani Power Ltd.,870.4,8.4
July,Hyderabad,Orient Green,4085.1,8.4
August,Hyderabad,Indowind Energy,1152.6,8.4
August,Hyderabad,Orient Green,1415.25,8.4
May,Hyderabad,Tata Power Company Ltd.,2278,8.4
July,Hyderabad,Reliance Energy,2942.7,8.4
August,Hyderabad,Reliance Energy,1568.25,8.4
May,Hyderabad,Orient Green,1217.2,8.4
April,Hyderabad,Reliance Energy,1239.3,8.4
February,Hyderabad,Adani Power Ltd.,461.04,8.4
December,Hyderabad,Orient Green,435.2,8.4
January,Hyderabad,Reliance Energy,905.76,8.4
March,Hyderabad,Tata Power Company Ltd.,489.6,8.4
May,Hyderabad,Adani Power Ltd.,2403.8,8.4
September,Hyderabad,Adani Power Ltd.,589.56,8.4
September,Hyderabad,Tata Power Company Ltd.,891.48,8.4
September,Hyderabad,Orient Green,1081.2,8.4
March,Hyderabad,Orient Green,756.5,8.4
March,Hyderabad,Adani Power Ltd.,940.1,8.4
March,Hyderabad,Tata Power Company Ltd.,977.5,8.4
October,Hyderabad,Orient Green,1025.1,8.4
May,Hyderabad,Orient Green,1737.4,8.4
September,Hyderabad,Adani Power Ltd.,897.6,8.4
October,Hyderabad,Orient Green,727.6,8.4
February,Hyderabad,Indowind Energy,856.8,8.4
April,Hyderabad,Tata Power Company Ltd.,1285.2,8.4
November,Hyderabad,Orient Green,743.92,8.4
April,Hyderabad,Indowind Energy,1310.7,8.4
September,Hyderabad,Tata Power Company Ltd.,583.44,8.4
February,Hyderabad,Reliance Energy,584.8,8.4
August,Hyderabad,Indowind Energy,1690.65,8.4
October,Hyderabad,Tata Power Company Ltd.,1084.6,8.4
July,Hyderabad,Tata Power Company Ltd.,2901.9,8.4
June,Hyderabad,Indowind Energy,2193,8.4
June,Hyderabad,Adani Power Ltd.,2483.7,8.4
January,Hyderabad,Indowind Energy,807.84,8.4
August,Hyderabad,Indowind Energy,1688.1,8.4
October,Hyderabad,Tata Power Company Ltd.,341.7,8.4
October,Hyderabad,Orient Green,1091.4,8.4
January,Hyderabad,Tata Power Company Ltd.,576.64,8.4
December,Hyderabad,Reliance Energy,592.96,8.4
October,Hyderabad,Indowind Energy,899.3,8.4
November,Hyderabad,Adani Power Ltd.,854.08,8.4
January,Hyderabad,Tata Power Company Ltd.,492.32,8.4
January,Hyderabad,Adani Power Ltd.,718.08,8.4
February,Hyderabad,Orient Green,417.52,8.4
September,Hyderabad,Tata Power Company Ltd.,1156.68,8.4
October,Hyderabad,Adani Power Ltd.,817.7,8.4
March,Hyderabad,Reliance Energy,1292,8.4
December,Hyderabad,Orient Green,673.2,8.4
August,Hyderabad,Reliance Energy,1634.55,8.4
August,Hyderabad,Adani Power Ltd.,1716.15,8.4
September,Hyderabad,Indowind Energy,1395.36,8.4
August,Hyderabad,Indowind Energy,1152.6,8.4
May,Hyderabad,Adani Power Ltd.,1802,8.4
May,Hyderabad,Indowind Energy,1438.2,8.4
January,Hyderabad,Reliance Energy,859.52,8.4
January,Hyderabad,Orient Green,757.52,8.4
September,Hyderabad,Tata Power Company Ltd.,720.12,8.4
November,Hyderabad,Adani Power Ltd.,448.8,8.4
June,Hyderabad,Adani Power Ltd.,1570.8,8.4
May,Hyderabad,Orient Green,1261.4,8.4
March,Hyderabad,Reliance Energy,996.2,8.4
May,Hyderabad,Indowind Energy,2104.6,8.4
August,Hyderabad,Indowind Energy,1305.6,8.4
April,Hyderabad,Orient Green,1318.35,8.4
October,Hyderabad,Adani Power Ltd.,827.9,8.4
November,Hyderabad,Orient Green,579.36,8.4
July,Hyderabad,Orient Green,3447.6,8.4
March,Hyderabad,Indowind Energy,929.9,8.4
February,Hyderabad,Reliance Energy,772.48,8.4
February,Hyderabad,Reliance Energy,930.24,8.4
December,Hyderabad,Orient Green,738.48,8.4
December,Hyderabad,Adani Power Ltd.,850,8.4
November,Hyderabad,Adani Power Ltd.,520.88,8.4
July,Hyderabad,Indowind Energy,2606.1,8.4
January,Hyderabad,Indowind Energy,697.68,8.4
September,Hyderabad,Adani Power Ltd.,1168.92,8.4
July,Hyderabad,Indowind Energy,2856,8.4
May,Hyderabad,Adani Power Ltd.,1672.8,8.4
August,Hyderabad,Adani Power Ltd.,1272.45,8.4
October,Hyderabad,Orient Green,1329.4,8.4
November,Hyderabad,Indowind Energy,488.24,8.4
May,Hyderabad,Orient Green,2067.2,8.4
July,Hyderabad,Tata Power Company Ltd.,2315.4,8.4
August,Hyderabad,Tata Power Company Ltd.,928.2,8.4
June,Hyderabad,Adani Power Ltd.,3554.7,8.4
January,Hyderabad,Tata Power Company Ltd.,606.56,8.4
June,Hyderabad,Indowind Energy,3442.5,8.4
May,Hyderabad,Adani Power Ltd.,1938,8.4
March,Hyderabad,Orient Green,763.3,8.4
September,Hyderabad,Tata Power Company Ltd.,1372.92,8.4
March,Hyderabad,Orient Green,1048.9,8.4
March,Hyderabad,Adani Power Ltd.,778.6,8.4
March,Hyderabad,Reliance Energy,914.6,8.4
July,Hyderabad,Orient Green,2468.4,8.4
August,Kolkata,Orient Green,414,8.7
May,Kolkata,Reliance Energy,572,8.7
March,Kolkata,Indowind Energy,248.5,8.7
January,Kolkata,Reliance Energy,216.4,8.7
September,Kolkata,Reliance Energy,280.8,8.7
April,Kolkata,Indowind Energy,410.25,8.7
October,Kolkata,Adani Power Ltd.,208.5,8.7
May,Kolkata,Tata Power Company Ltd.,410,8.7
May,Kolkata,Adani Power Ltd.,409,8.7
November,Kolkata,Tata Power Company Ltd.,140,8.7
March,Kolkata,Adani Power Ltd.,231.5,8.7
July,Kolkata,Tata Power Company Ltd.,856.5,8.7
January,Kolkata,Indowind Energy,216,8.7
June,Kolkata,Indowind Energy,655.5,8.7
February,Kolkata,Adani Power Ltd.,211.2,8.7
September,Kolkata,Tata Power Company Ltd.,327,8.7
March,Kolkata,Tata Power Company Ltd.,264,8.7
May,Kolkata,Orient Green,522,8.7
February,Kolkata,Reliance Energy,139.6,8.7
September,Kolkata,Tata Power Company Ltd.,342,8.7
April,Kolkata,Orient Green,396.75,8.7
November,Kolkata,Tata Power Company Ltd.,209.2,8.7
November,Kolkata,Reliance Energy,94,8.7
November,Kolkata,Reliance Energy,266.4,8.7
April,Kolkata,Reliance Energy,477,8.7
April,Kolkata,Orient Green,248.25,8.7
December,Kolkata,Tata Power Company Ltd.,130.4,8.7
February,Kolkata,Reliance Energy,240,8.7
June,Kolkata,Adani Power Ltd.,715.5,8.7
January,Kolkata,Adani Power Ltd.,188.8,8.7
April,Kolkata,Reliance Energy,440.25,8.7
September,Kolkata,Indowind Energy,390,8.7
March,Kolkata,Reliance Energy,228,8.7
February,Kolkata,Reliance Energy,229.6,8.7
July,Kolkata,Tata Power Company Ltd.,646.5,8.7
February,Kolkata,Tata Power Company Ltd.,235.2,8.7
November,Kolkata,Reliance Energy,219.6,8.7
January,Kolkata,Adani Power Ltd.,280.8,8.7
May,Kolkata,Adani Power Ltd.,549,8.7
January,Kolkata,Reliance Energy,204,8.7
April,Kolkata,Adani Power Ltd.,519,8.7
May,Kolkata,Reliance Energy,459,8.7
February,Kolkata,Orient Green,186.4,8.7
February,Kolkata,Adani Power Ltd.,241.2,8.7
June,Kolkata,Orient Green,1018.5,8.7
May,Kolkata,Adani Power Ltd.,570,8.7
January,Kolkata,Tata Power Company Ltd.,173.2,8.7
November,Kolkata,Orient Green,166.8,8.7
March,Kolkata,Tata Power Company Ltd.,309,8.7
February,Kolkata,Orient Green,240.4,8.7
December,Kolkata,Indowind Energy,292.4,8.7
February,Kolkata,Adani Power Ltd.,173.6,8.7
August,Kolkata,Orient Green,377.25,8.7
September,Kolkata,Tata Power Company Ltd.,341.4,8.7
May,Kolkata,Adani Power Ltd.,728,8.7
October,Kolkata,Tata Power Company Ltd.,180.5,8.7
July,Kolkata,Adani Power Ltd.,646.5,8.7
December,Kolkata,Adani Power Ltd.,95.6,8.7
September,Kolkata,Adani Power Ltd.,193.8,8.7
May,Kolkata,Reliance Energy,716,8.7
February,Kolkata,Orient Green,213.2,8.7
December,Kolkata,Adani Power Ltd.,225.6,8.7
September,Kolkata,Adani Power Ltd.,277.8,8.7
February,Kolkata,Tata Power Company Ltd.,297.2,8.7
May,Kolkata,Indowind Energy,253,8.7
August,Kolkata,Tata Power Company Ltd.,465.75,8.7
July,Kolkata,Orient Green,682.5,8.7
June,Kolkata,Adani Power Ltd.,736.5,8.7
November,Kolkata,Adani Power Ltd.,262.4,8.7
January,Kolkata,Indowind Energy,236.8,8.7
August,Kolkata,Indowind Energy,524.25,8.7
June,Kolkata,Adani Power Ltd.,654,8.7
September,Kolkata,Orient Green,364.2,8.7
December,Kolkata,Adani Power Ltd.,182,8.7
November,Kolkata,Indowind Energy,212.4,8.7
February,Kolkata,Indowind Energy,286.4,8.7
September,Kolkata,Adani Power Ltd.,196.2,8.7
July,Kolkata,Adani Power Ltd.,567,8.7
April,Kolkata,Tata Power Company Ltd.,537,8.7
September,Kolkata,Indowind Energy,271.8,8.7
November,Kolkata,Adani Power Ltd.,208.8,8.7
February,Kolkata,Orient Green,225.2,8.7
November,Kolkata,Indowind Energy,177.6,8.7
September,Kolkata,Orient Green,181.8,8.7
July,Kolkata,Indowind Energy,711,8.7
December,Kolkata,Adani Power Ltd.,254,8.7
November,Kolkata,Tata Power Company Ltd.,212.8,8.7
October,Kolkata,Reliance Energy,267,8.7
February,Kolkata,Indowind Energy,248,8.7
February,Kolkata,Reliance Energy,168.8,8.7
May,Kolkata,Reliance Energy,542,8.7
June,Kolkata,Indowind Energy,961.5,8.7
September,Kolkata,Tata Power Company Ltd.,243,8.7
March,Kolkata,Orient Green,158.5,8.7
August,Kolkata,Tata Power Company Ltd.,479.25,8.7
August,Kolkata,Orient Green,408,8.7
July,Kolkata,Orient Green,555,8.7
August,Kolkata,Adani Power Ltd.,184.5,8.7
July,Kolkata,Tata Power Company Ltd.,625.5,8.7
April,Kolkata,Orient Green,407.25,8.7
August,Kolkata,Orient Green,365.25,8.7
June,Kolkata,Adani Power Ltd.,847.5,8.7
January,Kolkata,Adani Power Ltd.,230,8.7
July,Kolkata,Orient Green,810,8.7
May,Kolkata,Tata Power Company Ltd.,712,8.7
July,Kolkata,Tata Power Company Ltd.,835.5,8.7
May,Kolkata,Indowind Energy,547,8.7
May,Kolkata,Adani Power Ltd.,556,8.7
August,Kolkata,Orient Green,354,8.7
April,Kolkata,Indowind Energy,472.5,8.7
February,Kolkata,Indowind Energy,240.4,8.7
November,Kolkata,Orient Green,152,8.7
April,Kolkata,Orient Green,546.75,8.7
August,Kolkata,Tata Power Company Ltd.,360,8.7
July,Kolkata,Adani Power Ltd.,654,8.7
April,Kolkata,Orient Green,351,8.7
December,Kolkata,Orient Green,172,8.7
January,Kolkata,Reliance Energy,241.2,8.7
February,Kolkata,Tata Power Company Ltd.,226.8,8.7
May,Kolkata,Adani Power Ltd.,345,8.7
May,Kolkata,Indowind Energy,319,8.7
October,Kolkata,Indowind Energy,118.5,8.7
July,Kolkata,Tata Power Company Ltd.,763.5,8.7
April,Kolkata,Reliance Energy,495.75,8.7
July,Kolkata,Adani Power Ltd.,870,8.7
May,Kolkata,Tata Power Company Ltd.,1082,8.7
June,Kolkata,Reliance Energy,1224,8.7
July,Kolkata,Reliance Energy,1356,8.7
August,Kolkata,Indowind Energy,789,8.7
December,Kolkata,Tata Power Company Ltd.,471.2,8.7
August,Kolkata,Tata Power Company Ltd.,465,8.7
December,Kolkata,Reliance Energy,294.4,8.7
July,Kolkata,Orient Green,1281,8.7
June,Kolkata,Indowind Energy,1377,8.7
September,Kolkata,Orient Green,733.2,8.7
February,Kolkata,Adani Power Ltd.,192.8,8.7
December,Kolkata,Indowind Energy,271.2,8.7
September,Kolkata,Reliance Energy,424.8,8.7
May,Kolkata,Adani Power Ltd.,1086,8.7
October,Kolkata,Indowind Energy,438,8.7
March,Kolkata,Reliance Energy,534,8.7
December,Kolkata,Reliance Energy,310.4,8.7
September,Kolkata,Adani Power Ltd.,541.2,8.7
March,Kolkata,Orient Green,555,8.7
February,Kolkata,Adani Power Ltd.,295.2,8.7
September,Kolkata,Orient Green,476.4,8.7
August,Kolkata,Reliance Energy,867,8.7
May,Kolkata,Orient Green,1484,8.7
July,Kolkata,Indowind Energy,1632,8.7
July,Kolkata,Tata Power Company Ltd.,1725,8.7
June,Kolkata,Orient Green,1281,8.7
November,Kolkata,Reliance Energy,488.8,8.7
September,Kolkata,Tata Power Company Ltd.,649.2,8.7
February,Kolkata,Adani Power Ltd.,533.6,8.7
November,Kolkata,Orient Green,430.4,8.7
February,Kolkata,Reliance Energy,322.4,8.7
January,Kolkata,Adani Power Ltd.,464,8.7
August,Kolkata,Orient Green,916.5,8.7
March,Kolkata,Adani Power Ltd.,413,8.7
April,Kolkata,Reliance Energy,1071,8.7
March,Kolkata,Reliance Energy,516,8.7
March,Kolkata,Reliance Energy,585,8.7
November,Kolkata,Reliance Energy,505.6,8.7
January,Kolkata,Orient Green,392,8.7
January,Kolkata,Orient Green,191.2,8.7
April,Kolkata,Indowind Energy,759,8.7
June,Kolkata,Tata Power Company Ltd.,1233,8.7
January,Kolkata,Orient Green,349.6,8.7
January,Kolkata,Indowind Energy,488,8.7
November,Kolkata,Indowind Energy,285.6,8.7
May,Kolkata,Tata Power Company Ltd.,484,8.7
December,Kolkata,Tata Power Company Ltd.,516.8,8.7
April,Kolkata,Adani Power Ltd.,772.5,8.7
March,Kolkata,Indowind Energy,365,8.7
August,Kolkata,Adani Power Ltd.,1048.5,8.7
April,Kolkata,Tata Power Company Ltd.,816,8.7
December,Kolkata,Indowind Energy,459.2,8.7
May,Kolkata,Tata Power Company Ltd.,700,8.7
October,Kolkata,Reliance Energy,539,8.7
April,Kolkata,Adani Power Ltd.,918,8.7
June,Kolkata,Tata Power Company Ltd.,1698,8.7
March,Kolkata,Orient Green,410,8.7
August,Kolkata,Reliance Energy,985.5,8.7
April,Kolkata,Tata Power Company Ltd.,694.5,8.7
October,Kolkata,Indowind Energy,655,8.7
October,Kolkata,Orient Green,516,8.7
January,Kolkata,Reliance Energy,553.6,8.7
March,Kolkata,Tata Power Company Ltd.,411,8.7
August,Kolkata,Indowind Energy,975,8.7
September,Kolkata,Orient Green,577.2,8.7
November,Kolkata,Indowind Energy,294.4,8.7
June,Kolkata,Orient Green,1584,8.7
December,Kolkata,Orient Green,488.8,8.7
April,Kolkata,Tata Power Company Ltd.,747,8.7
January,Kolkata,Orient Green,556,8.7
April,Kolkata,Tata Power Company Ltd.,541.5,8.7
March,Kolkata,Reliance Energy,497,8.7
September,Kolkata,Indowind Energy,565.2,8.7
December,Kolkata,Tata Power Company Ltd.,522.4,8.7
May,Kolkata,Adani Power Ltd.,986,8.7
June,Kolkata,Reliance Energy,2016,8.7
November,Kolkata,Indowind Energy,420.8,8.7
November,Kolkata,Orient Green,264.8,8.7
November,Kolkata,Indowind Energy,237.6,8.7
May,Kolkata,Tata Power Company Ltd.,1302,8.7
November,Kolkata,Adani Power Ltd.,389.6,8.7
January,Kolkata,Tata Power Company Ltd.,475.2,8.7
December,Kolkata,Indowind Energy,407.2,8.7
March,Kolkata,Reliance Energy,387,8.7
August,Kolkata,Adani Power Ltd.,721.5,8.7
July,Kolkata,Adani Power Ltd.,1614,8.7
February,Kolkata,Orient Green,327.2,8.7
December,Kolkata,Orient Green,478.4,8.7
October,Kolkata,Tata Power Company Ltd.,659,8.7
September,Kolkata,Tata Power Company Ltd.,507.6,8.7
September,Kolkata,Tata Power Company Ltd.,561.6,8.7
May,Kolkata,Orient Green,1194,8.7
March,Kolkata,Reliance Energy,632,8.7
May,Kolkata,Adani Power Ltd.,1178,8.7
October,Kolkata,Tata Power Company Ltd.,541,8.7
April,Kolkata,Reliance Energy,1071,8.7
February,Kolkata,Reliance Energy,365.6,8.7
January,Kolkata,Adani Power Ltd.,505.6,8.7
October,Kolkata,Indowind Energy,371,8.7
June,Kolkata,Indowind Energy,1224,8.7
October,Kolkata,Indowind Energy,516,8.7
May,Kolkata,Tata Power Company Ltd.,1092,8.7
December,Kolkata,Orient Green,430.4,8.7
July,Kolkata,Reliance Energy,1545,8.7
January,Kolkata,Orient Green,447.2,8.7
December,Kolkata,Orient Green,451.2,8.7
May,Kolkata,Tata Power Company Ltd.,1256,8.7
November,Kolkata,Tata Power Company Ltd.,304.8,8.7
November,Kolkata,Indowind Energy,380.8,8.7
January,Kolkata,Tata Power Company Ltd.,351.2,8.7
February,Kolkata,Tata Power Company Ltd.,437.6,8.7
May,Kolkata,Indowind Energy,1170,8.7
September,Kolkata,Adani Power Ltd.,541.2,8.7
September,Kolkata,Tata Power Company Ltd.,494.4,8.7
March,Kolkata,Orient Green,687,8.7
June,Kolkata,Orient Green,1287,8.7
March,Kolkata,Adani Power Ltd.,578,8.7
November,Kolkata,Adani Power Ltd.,341.6,8.7
August,Kolkata,Adani Power Ltd.,868.5,8.7
October,Kolkata,Indowind Energy,601,8.7
September,Kolkata,Indowind Energy,400.8,8.7
August,Kolkata,Indowind Energy,843,8.7
July,Kolkata,Adani Power Ltd.,1218,8.7
September,Kolkata,Tata Power Company Ltd.,619.2,8.7
June,Kolkata,Reliance Energy,1632,8.7
September,Kolkata,Orient Green,364.8,8.7
June,Kolkata,Indowind Energy,1146,8.7
January,Kolkata,Indowind Energy,301.6,8.7
June,Kolkata,Adani Power Ltd.,1659,8.7
November,Kolkata,Reliance Energy,444.8,8.7
June,Kolkata,Tata Power Company Ltd.,1830,8.7
November,Kolkata,Adani Power Ltd.,420,8.7
December,Kolkata,Tata Power Company Ltd.,390.4,8.7
February,Kolkata,Indowind Energy,439.2,8.7
February,Kolkata,Adani Power Ltd.,228.8,8.7
January,Kolkata,Adani Power Ltd.,372,8.7
November,Kolkata,Orient Green,320,8.7
October,Kolkata,Orient Green,283,8.7
November,Kolkata,Adani Power Ltd.,493.6,8.7
July,Kolkata,Reliance Energy,1488,8.7
March,Kolkata,Adani Power Ltd.,680,8.7
August,Kolkata,Orient Green,559.5,8.7
August,Kolkata,Tata Power Company Ltd.,780,8.7
February,Kolkata,Reliance Energy,330.4,8.7
December,Kolkata,Tata Power Company Ltd.,442.4,8.7
April,Kolkata,Orient Green,747,8.7
August,Kolkata,Indowind Energy,1116,8.7
April,Kolkata,Tata Power Company Ltd.,1096.5,8.7
April,Kolkata,Tata Power Company Ltd.,420,8.7
April,Kolkata,Indowind Energy,876,8.7
August,Kolkata,Orient Green,1084.5,8.7
January,Kolkata,Orient Green,327.2,8.7
April,Kolkata,Tata Power Company Ltd.,846,8.7
April,Kolkata,Reliance Energy,1107,8.7
December,Kolkata,Indowind Energy,408.8,8.7
November,Kolkata,Orient Green,557.6,8.7
May,Kolkata,Tata Power Company Ltd.,1062,8.7
June,Kolkata,Reliance Energy,1845,8.7
October,Kolkata,Tata Power Company Ltd.,487,8.7
June,Kolkata,Indowind Energy,2229,8.7
September,Kolkata,Indowind Energy,592.8,8.7
June,Kolkata,Indowind Energy,1626,8.7
August,Kolkata,Reliance Energy,999,8.7
June,Kolkata,Tata Power Company Ltd.,1461,8.7
January,Kolkata,Tata Power Company Ltd.,420,8.7
January,Kolkata,Adani Power Ltd.,164.8,8.7
December,Kolkata,Tata Power Company Ltd.,428.8,8.7
March,Kolkata,Indowind Energy,535,8.7
May,Kolkata,Reliance Energy,1182,8.7
February,Kolkata,Tata Power Company Ltd.,500.8,8.7
August,Kolkata,Orient Green,649.5,8.7
December,Kolkata,Tata Power Company Ltd.,461.6,8.7
December,Kolkata,Adani Power Ltd.,506.4,8.7
March,Kolkata,Indowind Energy,436,8.7
June,Kolkata,Reliance Energy,1704,8.7
October,Kolkata,Tata Power Company Ltd.,423,8.7
October,Kolkata,Adani Power Ltd.,564,8.7
August,Kolkata,Tata Power Company Ltd.,802.5,8.7
October,Kolkata,Indowind Energy,483,8.7
August,Kolkata,Tata Power Company Ltd.,913.5,8.7
August,Kolkata,Indowind Energy,1053,8.7
April,Kolkata,Tata Power Company Ltd.,720,8.7
May,Kolkata,Tata Power Company Ltd.,862,8.7
April,Kolkata,Adani Power Ltd.,570,8.7
September,Kolkata,Reliance Energy,650.4,8.7
December,Kolkata,Tata Power Company Ltd.,432,8.7
September,Kolkata,Reliance Energy,824.4,8.7
July,Kolkata,Indowind Energy,2055,8.7
October,Kolkata,Orient Green,667,8.7
May,Kolkata,Orient Green,754,8.7
August,Kolkata,Reliance Energy,870,8.7
June,Kolkata,Indowind Energy,1290,8.7
June,Kolkata,Orient Green,1575,8.7
March,Kolkata,Indowind Energy,619,8.7
February,Kolkata,Indowind Energy,404,8.7
May,Kolkata,Orient Green,1148,8.7
August,Kolkata,Tata Power Company Ltd.,658.5,8.7
May,Kolkata,Indowind Energy,812,8.7
April,Kolkata,Reliance Energy,585,8.7
November,Kolkata,Adani Power Ltd.,281.6,8.7
January,Kolkata,Tata Power Company Ltd.,373.6,8.7
October,Kolkata,Reliance Energy,511,8.7
September,Kolkata,Orient Green,804,8.7
September,Kolkata,Tata Power Company Ltd.,577.2,8.7
August,Kolkata,Adani Power Ltd.,1161,8.7
June,Kolkata,Orient Green,1596,8.7
September,Kolkata,Indowind Energy,798,8.7
October,Kolkata,Indowind Energy,504,8.7
August,Kolkata,Reliance Energy,589.5,8.7
June,Kolkata,Adani Power Ltd.,1683,8.7
March,Kolkata,Tata Power Company Ltd.,508,8.7
August,Kolkata,Tata Power Company Ltd.,840,8.7
December,Kolkata,Tata Power Company Ltd.,437.6,8.7
May,Kolkata,Reliance Energy,1596,8.7
January,Kolkata,Tata Power Company Ltd.,256,8.7
July,Kolkata,Orient Green,1386,8.7
April,Kolkata,Orient Green,777,8.7
June,Kolkata,Tata Power Company Ltd.,963,8.7
October,Kolkata,Tata Power Company Ltd.,531,8.7
June,Kolkata,Tata Power Company Ltd.,1785,8.7
June,Kolkata,Orient Green,1458,8.7
February,Kolkata,Reliance Energy,317.6,8.7
March,Kolkata,Reliance Energy,547,8.7
October,Kolkata,Orient Green,741,8.7
February,Kolkata,Indowind Energy,316.8,8.7
October,Kolkata,Tata Power Company Ltd.,554,8.7
December,Kolkata,Adani Power Ltd.,365.6,8.7
October,Kolkata,Adani Power Ltd.,537,8.7
February,Kolkata,Reliance Energy,345.6,8.7
October,Kolkata,Adani Power Ltd.,456,8.7
July,Kolkata,Reliance Energy,1776,8.7
May,Kolkata,Orient Green,1360,8.7
April,Kolkata,Reliance Energy,1069.5,8.7
February,Kolkata,Orient Green,250.4,8.7
October,Kolkata,Reliance Energy,371,8.7
October,Kolkata,Indowind Energy,794,8.7
August,Kolkata,Indowind Energy,864,8.7
September,Kolkata,Reliance Energy,402,8.7
February,Kolkata,Orient Green,318.4,8.7
March,Kolkata,Tata Power Company Ltd.,574,8.7
June,Kolkata,Indowind Energy,1995,8.7
November,Kolkata,Adani Power Ltd.,273.6,8.7
March,Kolkata,Indowind Energy,463,8.7
April,Kolkata,Indowind Energy,600,8.7
October,Kolkata,Adani Power Ltd.,265,8.7
January,Kolkata,Orient Green,520.8,8.7
September,Kolkata,Tata Power Company Ltd.,592.8,8.7
February,Kolkata,Tata Power Company Ltd.,430.4,8.7
July,Kolkata,Indowind Energy,1509,8.7
November,Kolkata,Adani Power Ltd.,349.6,8.7
October,Kolkata,Tata Power Company Ltd.,496,8.7
March,Kolkata,Adani Power Ltd.,354,8.7
October,Kolkata,Adani Power Ltd.,650,8.7
November,Kolkata,Reliance Energy,166.4,8.7
April,Kolkata,Adani Power Ltd.,903,8.7
March,Kolkata,Adani Power Ltd.,487,8.7
December,Kolkata,Tata Power Company Ltd.,486.4,8.7
February,Kolkata,Adani Power Ltd.,405.6,8.7
September,Kolkata,Adani Power Ltd.,580.8,8.7
February,Kolkata,Tata Power Company Ltd.,407.2,8.7
December,Kolkata,Reliance Energy,416,8.7
October,Kolkata,Orient Green,607,8.7
January,Kolkata,Orient Green,520,8.7
June,Kolkata,Orient Green,1011,8.7
January,Kolkata,Adani Power Ltd.,528.8,8.7
April,Kolkata,Indowind Energy,556.5,8.7
February,Kolkata,Adani Power Ltd.,457.6,8.7
March,Kolkata,Orient Green,487,8.7
November,Kolkata,Reliance Energy,346.4,8.7
December,Kolkata,Tata Power Company Ltd.,495.2,8.7
November,Kolkata,Orient Green,472,8.7
January,Kolkata,Orient Green,506.4,8.7
March,Kolkata,Adani Power Ltd.,503,8.7
March,Kolkata,Reliance Energy,554,8.7
October,Kolkata,Indowind Energy,507,8.7
September,Kolkata,Indowind Energy,878.4,8.7
October,Kolkata,Adani Power Ltd.,627,8.7
November,Kolkata,Tata Power Company Ltd.,512.8,8.7
November,Kolkata,Orient Green,579.2,8.7
October,Kolkata,Adani Power Ltd.,495,8.7
December,Kolkata,Indowind Energy,528,8.7
January,Kolkata,Orient Green,348.8,8.7
February,Kolkata,Adani Power Ltd.,328.8,8.7
May,Kolkata,Indowind Energy,1090,8.7
March,Kolkata,Adani Power Ltd.,551,8.7
April,Kolkata,Adani Power Ltd.,852,8.7
June,Kolkata,Indowind Energy,2082,8.7
November,Kolkata,Tata Power Company Ltd.,516,8.7
September,Kolkata,Tata Power Company Ltd.,451.2,8.7
September,Kolkata,Indowind Energy,649.2,8.7
June,Kolkata,Reliance Energy,1710,8.7
August,Kolkata,Reliance Energy,1023,8.7
January,Kolkata,Tata Power Company Ltd.,507.2,8.7
December,Kolkata,Adani Power Ltd.,410.4,8.7
January,Kolkata,Adani Power Ltd.,490.4,8.7
February,Kolkata,Indowind Energy,412,8.7
May,Kolkata,Tata Power Company Ltd.,972,8.7
October,Kolkata,Reliance Energy,519,8.7
May,Kolkata,Adani Power Ltd.,830,8.7
September,Kolkata,Reliance Energy,492,8.7
February,Kolkata,Reliance Energy,529.6,8.7
April,Kolkata,Indowind Energy,564,8.7
February,Kolkata,Reliance Energy,468,8.7
January,Kolkata,Tata Power Company Ltd.,437.6,8.7
October,Kolkata,Adani Power Ltd.,386,8.7
April,Kolkata,Adani Power Ltd.,849,8.7
March,Kolkata,Adani Power Ltd.,278,8.7
October,Kolkata,Indowind Energy,708,8.7
August,Kolkata,Indowind Energy,1050,8.7
May,Kolkata,Adani Power Ltd.,1190,8.7
February,Kolkata,Orient Green,479.2,8.7
June,Kolkata,Orient Green,1518,8.7
June,Kolkata,Orient Green,834,8.7
March,Kolkata,Orient Green,468,8.7
November,Kolkata,Tata Power Company Ltd.,485.6,8.7
February,Kolkata,Adani Power Ltd.,493.6,8.7
February,Kolkata,Orient Green,440,8.7
January,Kolkata,Reliance Energy,325.6,8.7
June,Kolkata,Reliance Energy,1902,8.7
July,Kolkata,Reliance Energy,2217,8.7
October,Kolkata,Tata Power Company Ltd.,482,8.7
March,Kolkata,Orient Green,404,8.7
March,Kolkata,Adani Power Ltd.,502,8.7
June,Kolkata,Tata Power Company Ltd.,1890,8.7
April,Mumbai,Tata Power Company Ltd.,353.925,9.2
January,Mumbai,Tata Power Company Ltd.,222.56,9.2
December,Mumbai,Reliance Energy,206.44,9.2
September,Mumbai,Reliance Energy,408.72,9.2
September,Mumbai,Orient Green,380.64,9.2
May,Mumbai,Indowind Energy,613.6,9.2
July,Mumbai,Reliance Energy,1363.05,9.2
December,Mumbai,Indowind Energy,364.52,9.2
July,Mumbai,Tata Power Company Ltd.,1064.7,9.2
August,Mumbai,Reliance Energy,509.925,9.2
December,Mumbai,Orient Green,295.36,9.2
July,Mumbai,Tata Power Company Ltd.,900.9,9.2
February,Mumbai,Adani Power Ltd.,162.76,9.2
February,Mumbai,Orient Green,217.88,9.2
February,Mumbai,Tata Power Company Ltd.,218.4,9.2
September,Mumbai,Reliance Energy,414.18,9.2
November,Mumbai,Orient Green,269.36,9.2
December,Mumbai,Adani Power Ltd.,215.28,9.2
September,Mumbai,Adani Power Ltd.,475.02,9.2
January,Mumbai,Reliance Energy,187.2,9.2
November,Mumbai,Tata Power Company Ltd.,139.88,9.2
October,Mumbai,Tata Power Company Ltd.,393.9,9.2
November,Mumbai,Indowind Energy,382.2,9.2
June,Mumbai,Adani Power Ltd.,657.15,9.2
January,Mumbai,Reliance Energy,194.48,9.2
January,Mumbai,Indowind Energy,149.24,9.2
December,Mumbai,Adani Power Ltd.,201.76,9.2
August,Mumbai,Reliance Energy,652.275,9.2
February,Mumbai,Reliance Energy,353.6,9.2
June,Mumbai,Indowind Energy,963.3,9.2
October,Mumbai,Reliance Energy,395.85,9.2
September,Mumbai,Orient Green,382.2,9.2
July,Mumbai,Orient Green,1150.5,9.2
January,Mumbai,Indowind Energy,343.2,9.2
November,Mumbai,Reliance Energy,167.96,9.2
October,Mumbai,Orient Green,343.85,9.2
August,Mumbai,Tata Power Company Ltd.,596.7,9.2
March,Mumbai,Reliance Energy,204.75,9.2
July,Mumbai,Indowind Energy,881.4,9.2
May,Mumbai,Indowind Energy,542.1,9.2
June,Mumbai,Reliance Energy,462.15,9.2
June,Mumbai,Tata Power Company Ltd.,1121.25,9.2
July,Mumbai,Indowind Energy,1093.95,9.2
February,Mumbai,Adani Power Ltd.,293.28,9.2
January,Mumbai,Tata Power Company Ltd.,232.44,9.2
June,Mumbai,Indowind Energy,1179.75,9.2
May,Mumbai,Orient Green,720.2,9.2
March,Mumbai,Adani Power Ltd.,334.75,9.2
September,Mumbai,Adani Power Ltd.,521.04,9.2
August,Mumbai,Tata Power Company Ltd.,544.05,9.2
December,Mumbai,Adani Power Ltd.,371.8,9.2
November,Mumbai,Indowind Energy,301.6,9.2
November,Mumbai,Indowind Energy,316.68,9.2
July,Mumbai,Tata Power Company Ltd.,1474.2,9.2
August,Mumbai,Adani Power Ltd.,391.95,9.2
May,Mumbai,Adani Power Ltd.,737.1,9.2
January,Mumbai,Adani Power Ltd.,328.64,9.2
July,Mumbai,Reliance Energy,643.5,9.2
December,Mumbai,Indowind Energy,244.92,9.2
June,Mumbai,Tata Power Company Ltd.,1212.9,9.2
September,Mumbai,Reliance Energy,583.44,9.2
March,Mumbai,Adani Power Ltd.,379.6,9.2
October,Mumbai,Orient Green,384.8,9.2
July,Mumbai,Tata Power Company Ltd.,1179.75,9.2
November,Mumbai,Indowind Energy,315.12,9.2
September,Mumbai,Reliance Energy,563.16,9.2
December,Mumbai,Adani Power Ltd.,332.8,9.2
March,Mumbai,Adani Power Ltd.,312,9.2
October,Mumbai,Adani Power Ltd.,427.05,9.2
March,Mumbai,Tata Power Company Ltd.,339.3,9.2
June,Mumbai,Orient Green,641.55,9.2
April,Mumbai,Indowind Energy,616.2,9.2
June,Mumbai,Orient Green,742.95,9.2
October,Mumbai,Tata Power Company Ltd.,218.4,9.2
September,Mumbai,Indowind Energy,265.98,9.2
May,Mumbai,Tata Power Company Ltd.,704.6,9.2
October,Mumbai,Reliance Energy,282.75,9.2
July,Mumbai,Adani Power Ltd.,973.05,9.2
October,Mumbai,Indowind Energy,271.05,9.2
October,Mumbai,Reliance Energy,404.95,9.2
May,Mumbai,Adani Power Ltd.,461.5,9.2
May,Mumbai,Adani Power Ltd.,733.2,9.2
June,Mumbai,Orient Green,859.95,9.2
June,Mumbai,Indowind Energy,1368.9,9.2
May,Mumbai,Orient Green,458.9,9.2
April,Mumbai,Reliance Energy,571.35,9.2
December,Mumbai,Reliance Energy,323.96,9.2
March,Mumbai,Adani Power Ltd.,415.35,9.2
January,Mumbai,Reliance Energy,345.8,9.2
May,Mumbai,Adani Power Ltd.,696.8,9.2
August,Mumbai,Adani Power Ltd.,466.05,9.2
February,Mumbai,Reliance Energy,314.6,9.2
May,Mumbai,Adani Power Ltd.,1003.6,9.2
November,Mumbai,Reliance Energy,349.96,9.2
July,Mumbai,Orient Green,731.25,9.2
October,Mumbai,Reliance Energy,350.35,9.2
August,Mumbai,Reliance Energy,812.175,9.2
May,Mumbai,Orient Green,733.2,9.2
March,Mumbai,Tata Power Company Ltd.,314.6,9.2
July,Mumbai,Reliance Energy,1099.8,9.2
December,Mumbai,Tata Power Company Ltd.,159.12,9.2
August,Mumbai,Tata Power Company Ltd.,402.675,9.2
July,Mumbai,Tata Power Company Ltd.,741,9.2
July,Mumbai,Orient Green,1123.2,9.2
April,Mumbai,Adani Power Ltd.,507,9.2
December,Mumbai,Orient Green,289.12,9.2
May,Mumbai,Reliance Energy,728,9.2
October,Mumbai,Orient Green,223.6,9.2
July,Mumbai,Indowind Energy,856.05,9.2
August,Mumbai,Orient Green,309.075,9.2
October,Mumbai,Indowind Energy,361.4,9.2
June,Mumbai,Reliance Energy,727.35,9.2
September,Mumbai,Indowind Energy,573.3,9.2
September,Mumbai,Reliance Energy,266.76,9.2
January,Mumbai,Orient Green,125.32,9.2
February,Mumbai,Indowind Energy,214.24,9.2
May,Mumbai,Reliance Energy,858,9.2
March,Mumbai,Adani Power Ltd.,248.3,9.2
October,Mumbai,Orient Green,395.85,9.2
June,Mumbai,Orient Green,943.8,9.2
March,Mumbai,Adani Power Ltd.,325,9.2
August,Mumbai,Tata Power Company Ltd.,427.05,9.2
December,Mumbai,Orient Green,309.4,9.2
October,Mumbai,Orient Green,377,9.2
July,Mumbai,Orient Green,577.2,9.2
April,Mumbai,Adani Power Ltd.,1000.35,9.2
September,Mumbai,Orient Green,751.92,9.2
November,Mumbai,Reliance Energy,444.08,9.2
October,Mumbai,Tata Power Company Ltd.,841.1,9.2
March,Mumbai,Reliance Energy,778.7,9.2
June,Mumbai,Tata Power Company Ltd.,2659.8,9.2
August,Mumbai,Tata Power Company Ltd.,975,9.2
December,Mumbai,Adani Power Ltd.,576.16,9.2
January,Mumbai,Tata Power Company Ltd.,529.36,9.2
September,Mumbai,Indowind Energy,619.32,9.2
June,Mumbai,Indowind Energy,1747.2,9.2
March,Mumbai,Orient Green,811.2,9.2
April,Mumbai,Tata Power Company Ltd.,867.75,9.2
June,Mumbai,Reliance Energy,2418,9.2
August,Mumbai,Tata Power Company Ltd.,1131,9.2
April,Mumbai,Adani Power Ltd.,848.25,9.2
February,Mumbai,Indowind Energy,598,9.2
May,Mumbai,Adani Power Ltd.,829.4,9.2
October,Mumbai,Tata Power Company Ltd.,504.4,9.2
June,Mumbai,Adani Power Ltd.,2195.7,9.2
November,Mumbai,Tata Power Company Ltd.,611.52,9.2
June,Mumbai,Adani Power Ltd.,2515.5,9.2
June,Mumbai,Reliance Energy,2141.1,9.2
March,Mumbai,Tata Power Company Ltd.,868.4,9.2
April,Mumbai,Reliance Energy,1154.4,9.2
March,Mumbai,Reliance Energy,795.6,9.2
August,Mumbai,Adani Power Ltd.,926.25,9.2
June,Mumbai,Reliance Energy,1599,9.2
April,Mumbai,Tata Power Company Ltd.,1189.5,9.2
May,Mumbai,Adani Power Ltd.,1398.8,9.2
September,Mumbai,Adani Power Ltd.,1057.68,9.2
May,Mumbai,Reliance Energy,1877.2,9.2
November,Mumbai,Indowind Energy,644.8,9.2
December,Mumbai,Indowind Energy,799.76,9.2
October,Mumbai,Orient Green,878.8,9.2
November,Mumbai,Adani Power Ltd.,446.16,9.2
June,Mumbai,Orient Green,2847,9.2
January,Mumbai,Indowind Energy,543.92,9.2
August,Mumbai,Tata Power Company Ltd.,815.1,9.2
March,Mumbai,Tata Power Company Ltd.,457.6,9.2
January,Mumbai,Adani Power Ltd.,360.88,9.2
April,Mumbai,Adani Power Ltd.,1292.85,9.2
September,Mumbai,Orient Green,1121.64,9.2
January,Mumbai,Reliance Energy,740.48,9.2
May,Mumbai,Adani Power Ltd.,1424.8,9.2
December,Mumbai,Orient Green,669.76,9.2
April,Mumbai,Reliance Energy,785.85,9.2
August,Mumbai,Orient Green,536.25,9.2
August,Mumbai,Tata Power Company Ltd.,1136.85,9.2
January,Mumbai,Tata Power Company Ltd.,692.64,9.2
January,Mumbai,Tata Power Company Ltd.,358.8,9.2
May,Mumbai,Orient Green,720.2,9.2
July,Mumbai,Tata Power Company Ltd.,1973.4,9.2
July,Mumbai,Reliance Energy,2757.3,9.2
May,Mumbai,Adani Power Ltd.,1479.4,9.2
June,Mumbai,Orient Green,1700.4,9.2
September,Mumbai,Indowind Energy,817.44,9.2
December,Mumbai,Orient Green,859.04,9.2
December,Mumbai,Indowind Energy,598,9.2
September,Mumbai,Reliance Energy,730.08,9.2
November,Mumbai,Tata Power Company Ltd.,530.4,9.2
March,Mumbai,Adani Power Ltd.,430.3,9.2
May,Mumbai,Orient Green,1419.6,9.2
October,Mumbai,Reliance Energy,811.2,9.2
January,Mumbai,Indowind Energy,602.16,9.2
December,Mumbai,Orient Green,646.88,9.2
January,Mumbai,Adani Power Ltd.,602.16,9.2
June,Mumbai,Indowind Energy,2308.8,9.2
December,Mumbai,Tata Power Company Ltd.,357.76,9.2
April,Mumbai,Tata Power Company Ltd.,731.25,9.2
March,Mumbai,Orient Green,917.8,9.2
June,Mumbai,Adani Power Ltd.,1267.5,9.2
May,Mumbai,Orient Green,998.4,9.2
June,Mumbai,Reliance Energy,1419.6,9.2
December,Mumbai,Indowind Energy,546,9.2
December,Mumbai,Reliance Energy,708.24,9.2
June,Mumbai,Reliance Energy,1953.9,9.2
February,Mumbai,Adani Power Ltd.,715.52,9.2
July,Mumbai,Indowind Energy,2031.9,9.2
December,Mumbai,Reliance Energy,380.64,9.2
May,Mumbai,Tata Power Company Ltd.,1310.4,9.2
November,Mumbai,Indowind Energy,554.32,9.2
May,Mumbai,Tata Power Company Ltd.,1268.8,9.2
August,Mumbai,Orient Green,1236.3,9.2
May,Mumbai,Adani Power Ltd.,1242.8,9.2
November,Mumbai,Tata Power Company Ltd.,540.8,9.2
July,Mumbai,Adani Power Ltd.,1357.2,9.2
July,Mumbai,Indowind Energy,2566.2,9.2
August,Mumbai,Adani Power Ltd.,947.7,9.2
August,Mumbai,Orient Green,848.25,9.2
March,Mumbai,Indowind Energy,683.8,9.2
June,Mumbai,Orient Green,1903.2,9.2
July,Mumbai,Tata Power Company Ltd.,2312.7,9.2
August,Mumbai,Orient Green,1148.55,9.2
April,Mumbai,Orient Green,1314.3,9.2
February,Mumbai,Adani Power Ltd.,642.72,9.2
May,Mumbai,Tata Power Company Ltd.,1640.6,9.2
May,Mumbai,Orient Green,730.6,9.2
September,Mumbai,Adani Power Ltd.,1032.72,9.2
June,Mumbai,Orient Green,1501.5,9.2
September,Mumbai,Indowind Energy,867.36,9.2
February,Mumbai,Orient Green,502.32,9.2
April,Mumbai,Tata Power Company Ltd.,678.6,9.2
May,Mumbai,Reliance Energy,1755,9.2
May,Mumbai,Adani Power Ltd.,1164.8,9.2
December,Mumbai,Reliance Energy,396.24,9.2
April,Mumbai,Reliance Energy,951.6,9.2
December,Mumbai,Indowind Energy,522.08,9.2
September,Mumbai,Tata Power Company Ltd.,907.92,9.2
August,Mumbai,Adani Power Ltd.,1335.75,9.2
November,Mumbai,Orient Green,644.8,9.2
December,Mumbai,Adani Power Ltd.,439.92,9.2
January,Mumbai,Indowind Energy,739.44,9.2
March,Mumbai,Adani Power Ltd.,603.2,9.2
February,Mumbai,Orient Green,562.64,9.2
September,Mumbai,Orient Green,825.24,9.2
February,Mumbai,Tata Power Company Ltd.,528.32,9.2
July,Mumbai,Tata Power Company Ltd.,1599,9.2
August,Mumbai,Reliance Energy,865.8,9.2
July,Mumbai,Reliance Energy,1875.9,9.2
November,Mumbai,Indowind Energy,506.48,9.2
October,Mumbai,Tata Power Company Ltd.,469.3,9.2
March,Mumbai,Orient Green,430.3,9.2
February,Mumbai,Reliance Energy,610.48,9.2
October,Mumbai,Orient Green,881.4,9.2
January,Mumbai,Orient Green,511.68,9.2
September,Mumbai,Reliance Energy,349.44,9.2
January,Mumbai,Reliance Energy,330.72,9.2
July,Mumbai,Adani Power Ltd.,2141.1,9.2
May,Mumbai,Reliance Energy,1575.6,9.2
June,Mumbai,Orient Green,2129.4,9.2
April,Mumbai,Reliance Energy,980.85,9.2
June,Mumbai,Reliance Energy,1821.3,9.2
September,Mumbai,Orient Green,698.88,9.2
September,Mumbai,Orient Green,872.04,9.2
July,Mumbai,Reliance Energy,2718.3,9.2
September,Mumbai,Orient Green,826.8,9.2
December,Mumbai,Adani Power Ltd.,539.76,9.2
June,Mumbai,Tata Power Company Ltd.,1934.4,9.2
October,Mumbai,Tata Power Company Ltd.,1125.8,9.2
February,Mumbai,Indowind Energy,488.8,9.2
May,Mumbai,Orient Green,1159.6,9.2
September,Mumbai,Indowind Energy,1145.04,9.2
January,Mumbai,Reliance Energy,567.84,9.2
August,Mumbai,Indowind Energy,951.6,9.2
October,Mumbai,Orient Green,609.7,9.2
December,Mumbai,Tata Power Company Ltd.,509.6,9.2
January,Mumbai,Tata Power Company Ltd.,846.56,9.2
January,Mumbai,Orient Green,665.6,9.2
April,Mumbai,Adani Power Ltd.,1238.25,9.2
September,Mumbai,Tata Power Company Ltd.,1049.88,9.2
February,Mumbai,Reliance Energy,315.12,9.2
July,Mumbai,Tata Power Company Ltd.,2394.6,9.2
April,Mumbai,Adani Power Ltd.,1197.3,9.2
March,Mumbai,Orient Green,478.4,9.2
January,Mumbai,Reliance Energy,633.36,9.2
September,Mumbai,Indowind Energy,870.48,9.2
July,Mumbai,Tata Power Company Ltd.,1415.7,9.2
March,Mumbai,Tata Power Company Ltd.,611,9.2
February,Mumbai,Indowind Energy,526.24,9.2
December,Mumbai,Adani Power Ltd.,741.52,9.2
February,Mumbai,Indowind Energy,608.4,9.2
November,Mumbai,Tata Power Company Ltd.,474.24,9.2
June,Mumbai,Tata Power Company Ltd.,2694.9,9.2
November,Mumbai,Adani Power Ltd.,529.36,9.2
November,Mumbai,Adani Power Ltd.,433.68,9.2
April,Mumbai,Orient Green,1131,9.2
May,Mumbai,Indowind Energy,1242.8,9.2
December,Mumbai,Indowind Energy,704.08,9.2
July,Mumbai,Orient Green,1220.7,9.2
November,Mumbai,Adani Power Ltd.,398.32,9.2
October,Mumbai,Indowind Energy,621.4,9.2
November,Mumbai,Reliance Energy,603.2,9.2
July,Mumbai,Reliance Energy,2901.6,9.2
October,Mumbai,Reliance Energy,421.2,9.2
February,Mumbai,Reliance Energy,440.96,9.2
February,Mumbai,Orient Green,118.56,9.2
December,Mumbai,Adani Power Ltd.,476.32,9.2
September,Mumbai,Reliance Energy,530.4,9.2
July,Mumbai,Indowind Energy,1735.5,9.2
April,Mumbai,Indowind Energy,781.95,9.2
March,Mumbai,Tata Power Company Ltd.,774.8,9.2
May,Mumbai,Tata Power Company Ltd.,1422.2,9.2
September,Mumbai,Orient Green,511.68,9.2
February,Mumbai,Adani Power Ltd.,419.12,9.2
July,Mumbai,Orient Green,3038.1,9.2
October,Mumbai,Adani Power Ltd.,642.2,9.2
May,Mumbai,Orient Green,1505.4,9.2
February,Mumbai,Tata Power Company Ltd.,517.92,9.2
December,Mumbai,Orient Green,423.28,9.2
August,Mumbai,Orient Green,1398.15,9.2
February,Mumbai,Adani Power Ltd.,617.76,9.2
March,Mumbai,Reliance Energy,535.6,9.2
November,Mumbai,Indowind Energy,429.52,9.2
January,Mumbai,Indowind Energy,583.44,9.2
August,Mumbai,Reliance Energy,1435.2,9.2
September,Mumbai,Orient Green,1024.92,9.2
August,Mumbai,Orient Green,1487.85,9.2
November,Mumbai,Indowind Energy,608.4,9.2
October,Mumbai,Tata Power Company Ltd.,634.4,9.2
February,Mumbai,Adani Power Ltd.,505.44,9.2
August,Mumbai,Reliance Energy,1060.8,9.2
December,Mumbai,Adani Power Ltd.,699.92,9.2
August,Mumbai,Indowind Energy,976.95,9.2
April,Mumbai,Orient Green,1127.1,9.2
December,Mumbai,Orient Green,471.12,9.2
July,Mumbai,Reliance Energy,2418,9.2
September,Mumbai,Indowind Energy,753.48,9.2
April,Mumbai,Indowind Energy,1037.4,9.2
August,Mumbai,Orient Green,1263.6,9.2
March,Mumbai,Adani Power Ltd.,653.9,9.2
December,Mumbai,Reliance Energy,552.24,9.2
January,Mumbai,Tata Power Company Ltd.,420.16,9.2
August,Mumbai,Orient Green,904.8,9.2
November,Mumbai,Orient Green,501.28,9.2
August,Mumbai,Indowind Energy,1150.5,9.2
May,Mumbai,Orient Green,1957.8,9.2
January,Mumbai,Indowind Energy,559.52,9.2
November,Mumbai,Reliance Energy,664.56,9.2
October,Mumbai,Indowind Energy,640.9,9.2
March,Mumbai,Indowind Energy,755.3,9.2
March,Mumbai,Indowind Energy,568.1,9.2
December,Mumbai,Tata Power Company Ltd.,706.16,9.2
November,Mumbai,Reliance Energy,630.24,9.2
April,Mumbai,Adani Power Ltd.,616.2,9.2
January,Mumbai,Tata Power Company Ltd.,693.68,9.2
June,Mumbai,Orient Green,1599,9.2
March,Mumbai,Adani Power Ltd.,1003.6,9.2
March,Mumbai,Orient Green,724.1,9.2
December,Mumbai,Tata Power Company Ltd.,425.36,9.2
June,Mumbai,Orient Green,1560,9.2
June,Mumbai,Tata Power Company Ltd.,2343.9,9.2
December,Mumbai,Reliance Energy,356.72,9.2
May,Mumbai,Reliance Energy,1201.2,9.2
May,Mumbai,Orient Green,897,9.2
June,Mumbai,Reliance Energy,1817.4,9.2
April,Mumbai,Tata Power Company Ltd.,975,9.2
August,Mumbai,Indowind Energy,1064.7,9.2
December,Mumbai,Adani Power Ltd.,536.64,9.2
December,Mumbai,Tata Power Company Ltd.,655.2,9.2
January,Mumbai,Adani Power Ltd.,602.16,9.2
June,Mumbai,Indowind Energy,2835.3,9.2
May,Mumbai,Adani Power Ltd.,1796.6,9.2
May,Mumbai,Reliance Energy,1333.8,9.2
July,Mumbai,Reliance Energy,1833,9.2
May,Mumbai,Indowind Energy,1877.2,9.2
August,Mumbai,Reliance Energy,1275.3,9.2
March,Mumbai,Indowind Energy,936,9.2
May,Mumbai,Indowind Energy,1326,9.2
January,Mumbai,Tata Power Company Ltd.,418.08,9.2
March,Mumbai,Orient Green,373.1,9.2
July,Mumbai,Indowind Energy,1790.1,9.2
June,Mumbai,Adani Power Ltd.,2655.9,9.2
March,Mumbai,Tata Power Company Ltd.,728,9.2
October,Mumbai,Orient Green,800.8,9.2
August,Mumbai,Tata Power Company Ltd.,1374.75,9.2
June,Mumbai,Tata Power Company Ltd.,2211.3,9.2
May,Mumbai,Reliance Energy,1032.2,9.2
October,Mumbai,Reliance Energy,452.4,9.2
June,Mumbai,Tata Power Company Ltd.,2219.1,9.2
January,Mumbai,Orient Green,688.48,9.2
May,Mumbai,Reliance Energy,1362.4,9.2
June,Mumbai,Indowind Energy,1181.7,9.2
October,Mumbai,Indowind Energy,496.6,9.2
June,Mumbai,Orient Green,1645.8,9.2
July,Mumbai,Indowind Energy,2094.3,9.2
December,Mumbai,Indowind Energy,469.04,9.2
July,Mumbai,Indowind Energy,3034.2,9.2
May,Mumbai,Tata Power Company Ltd.,1640.6,9.2
February,Mumbai,Reliance Energy,610.48,9.2
April,Mumbai,Indowind Energy,1035.45,9.2
October,Mumbai,Reliance Energy,614.9,9.2
July,Mumbai,Indowind Energy,1380.6,9.2
July,Mumbai,Reliance Energy,1852.5,9.2
September,Mumbai,Indowind Energy,1079.52,9.2
December,Mumbai,Orient Green,471.12,9.2
June,Mumbai,Adani Power Ltd.,1205.1,9.2
March,Mumbai,Reliance Energy,555.1,9.2
July,Mumbai,Tata Power Company Ltd.,1283.1,9.2
April,Mumbai,Tata Power Company Ltd.,1062.75,9.2
September,Mumbai,Orient Green,684.84,9.2
September,Mumbai,Tata Power Company Ltd.,631.8,9.2
August,Mumbai,Orient Green,1097.85,9.2
October,Mumbai,Adani Power Ltd.,627.9,9.2
March,Mumbai,Indowind Energy,542.1,9.2
January,Mumbai,Indowind Energy,700.96,9.2
December,Mumbai,Reliance Energy,789.36,9.2
October,Mumbai,Adani Power Ltd.,855.4,9.2
July,Mumbai,Orient Green,1872,9.2
December,Mumbai,Tata Power Company Ltd.,370.24,9.2
January,Mumbai,Tata Power Company Ltd.,387.92,9.2
March,Mumbai,Orient Green,877.5,9.2
April,Mumbai,Orient Green,1275.3,9.2
November,Mumbai,Orient Green,314.08,9.2
October,Mumbai,Orient Green,650,9.2
April,Mumbai,Reliance Energy,1006.2,9.2
March,Mumbai,Tata Power Company Ltd.,513.5,9.2
March,Mumbai,Orient Green,737.1,9.2
January,Mumbai,Adani Power Ltd.,358.8,9.2
July,Mumbai,Adani Power Ltd.,1739.4,9.2
January,Mumbai,Indowind Energy,808.08,9.2
January,Mumbai,Indowind Energy,512.72,9.2
January,Mumbai,Tata Power Company Ltd.,385.84,9.2
February,Mumbai,Indowind Energy,450.32,9.2
April,Nagpur,Tata Power Company Ltd.,646.8,8.9
April,Nagpur,Reliance Energy,715.2,8.9
July,Nagpur,Reliance Energy,1293.6,8.9
August,Nagpur,Adani Power Ltd.,570,8.9
November,Nagpur,Orient Green,424.96,8.9
December,Nagpur,Reliance Energy,343.04,8.9
August,Nagpur,Indowind Energy,361.2,8.9
November,Nagpur,Adani Power Ltd.,303.36,8.9
October,Nagpur,Tata Power Company Ltd.,477.6,8.9
December,Nagpur,Orient Green,264.96,8.9
October,Nagpur,Indowind Energy,383.2,8.9
November,Nagpur,Reliance Energy,333.44,8.9
February,Nagpur,Reliance Energy,388.48,8.9
May,Nagpur,Tata Power Company Ltd.,1041.6,8.9
June,Nagpur,Tata Power Company Ltd.,1092,8.9
February,Nagpur,Orient Green,298.24,8.9
July,Nagpur,Tata Power Company Ltd.,1411.2,8.9
November,Nagpur,Indowind Energy,401.92,8.9
November,Nagpur,Tata Power Company Ltd.,408.96,8.9
March,Nagpur,Orient Green,418.4,8.9
December,Nagpur,Adani Power Ltd.,224.64,8.9
April,Nagpur,Reliance Energy,540,8.9
February,Nagpur,Reliance Energy,307.2,8.9
February,Nagpur,Orient Green,317.44,8.9
April,Nagpur,Orient Green,310.8,8.9
May,Nagpur,Reliance Energy,516.8,8.9
March,Nagpur,Orient Green,448,8.9
June,Nagpur,Orient Green,1488,8.9
July,Nagpur,Orient Green,1293.6,8.9
April,Nagpur,Reliance Energy,886.8,8.9
May,Nagpur,Tata Power Company Ltd.,676.8,8.9
May,Nagpur,Reliance Energy,993.6,8.9
March,Nagpur,Reliance Energy,464,8.9
September,Nagpur,Adani Power Ltd.,553.92,8.9
December,Nagpur,Orient Green,280.32,8.9
May,Nagpur,Indowind Energy,1046.4,8.9
February,Nagpur,Reliance Energy,344.32,8.9
December,Nagpur,Orient Green,305.92,8.9
September,Nagpur,Adani Power Ltd.,467.52,8.9
March,Nagpur,Orient Green,416.8,8.9
November,Nagpur,Tata Power Company Ltd.,330.88,8.9
September,Nagpur,Indowind Energy,336.96,8.9
July,Nagpur,Adani Power Ltd.,1192.8,8.9
October,Nagpur,Indowind Energy,351.2,8.9
September,Nagpur,Indowind Energy,661.44,8.9
March,Nagpur,Tata Power Company Ltd.,390.4,8.9
February,Nagpur,Reliance Energy,161.92,8.9
October,Nagpur,Adani Power Ltd.,440,8.9
May,Nagpur,Indowind Energy,689.6,8.9
November,Nagpur,Tata Power Company Ltd.,503.68,8.9
June,Nagpur,Tata Power Company Ltd.,1449.6,8.9
April,Nagpur,Orient Green,468,8.9
March,Nagpur,Tata Power Company Ltd.,338.4,8.9
March,Nagpur,Indowind Energy,409.6,8.9
October,Nagpur,Orient Green,432,8.9
August,Nagpur,Reliance Energy,848.4,8.9
July,Nagpur,Adani Power Ltd.,1262.4,8.9
December,Nagpur,Adani Power Ltd.,247.04,8.9
October,Nagpur,Orient Green,476,8.9
February,Nagpur,Reliance Energy,334.72,8.9
July,Nagpur,Orient Green,895.2,8.9
March,Nagpur,Indowind Energy,426.4,8.9
November,Nagpur,Indowind Energy,316.16,8.9
December,Nagpur,Orient Green,339.84,8.9
August,Nagpur,Reliance Energy,606,8.9
October,Nagpur,Adani Power Ltd.,336,8.9
October,Nagpur,Tata Power Company Ltd.,401.6,8.9
January,Nagpur,Adani Power Ltd.,448,8.9
August,Nagpur,Tata Power Company Ltd.,680.4,8.9
June,Nagpur,Adani Power Ltd.,1192.8,8.9
August,Nagpur,Orient Green,734.4,8.9
March,Nagpur,Tata Power Company Ltd.,524.8,8.9
February,Nagpur,Tata Power Company Ltd.,409.6,8.9
January,Nagpur,Orient Green,375.68,8.9
February,Nagpur,Indowind Energy,275.84,8.9
May,Nagpur,Orient Green,606.4,8.9
November,Nagpur,Tata Power Company Ltd.,367.36,8.9
December,Nagpur,Reliance Energy,219.52,8.9
January,Nagpur,Adani Power Ltd.,238.72,8.9
August,Nagpur,Indowind Energy,675.6,8.9
April,Nagpur,Tata Power Company Ltd.,896.4,8.9
July,Nagpur,Indowind Energy,1053.6,8.9
August,Nagpur,Adani Power Ltd.,900,8.9
July,Nagpur,Orient Green,1444.8,8.9
December,Nagpur,Reliance Energy,341.76,8.9
August,Nagpur,Tata Power Company Ltd.,680.4,8.9
July,Nagpur,Tata Power Company Ltd.,1524,8.9
April,Nagpur,Tata Power Company Ltd.,726,8.9
April,Nagpur,Indowind Energy,792,8.9
November,Nagpur,Tata Power Company Ltd.,315.52,8.9
July,Nagpur,Indowind Energy,1089.6,8.9
May,Nagpur,Adani Power Ltd.,390.4,8.9
January,Nagpur,Orient Green,365.44,8.9
April,Nagpur,Reliance Energy,554.4,8.9
December,Nagpur,Orient Green,503.68,8.9
May,Nagpur,Tata Power Company Ltd.,931.2,8.9
November,Nagpur,Orient Green,295.04,8.9
May,Nagpur,Tata Power Company Ltd.,708.8,8.9
December,Nagpur,Tata Power Company Ltd.,263.04,8.9
March,Nagpur,Tata Power Company Ltd.,289.6,8.9
July,Nagpur,Orient Green,1310.4,8.9
June,Nagpur,Indowind Energy,674.4,8.9
November,Nagpur,Adani Power Ltd.,394.88,8.9
January,Nagpur,Tata Power Company Ltd.,365.44,8.9
November,Nagpur,Orient Green,325.12,8.9
August,Nagpur,Adani Power Ltd.,794.4,8.9
December,Nagpur,Reliance Energy,348.8,8.9
March,Nagpur,Indowind Energy,332.8,8.9
November,Nagpur,Adani Power Ltd.,309.76,8.9
February,Nagpur,Orient Green,374.4,8.9
July,Nagpur,Adani Power Ltd.,1783.2,8.9
December,Nagpur,Tata Power Company Ltd.,213.76,8.9
September,Nagpur,Indowind Energy,318.72,8.9
January,Nagpur,Tata Power Company Ltd.,224.64,8.9
October,Nagpur,Reliance Energy,369.6,8.9
August,Nagpur,Orient Green,697.2,8.9
November,Nagpur,Tata Power Company Ltd.,327.68,8.9
May,Nagpur,Adani Power Ltd.,611.2,8.9
March,Nagpur,Reliance Energy,427.2,8.9
September,Nagpur,Orient Green,515.52,8.9
November,Nagpur,Reliance Energy,352,8.9
February,Nagpur,Orient Green,465.92,8.9
October,Nagpur,Tata Power Company Ltd.,428,8.9
March,Nagpur,Reliance Energy,349.6,8.9
June,Nagpur,Indowind Energy,1010.4,8.9
March,Nagpur,Reliance Energy,529.6,8.9
September,Nagpur,Orient Green,539.52,8.9
April,Nagpur,Reliance Energy,487.2,8.9
March,Nagpur,Reliance Energy,549.6,8.9
February,Nagpur,Tata Power Company Ltd.,369.28,8.9
March,Nagpur,Tata Power Company Ltd.,581.6,8.9
April,Nagpur,Orient Green,494.4,8.9
July,Nagpur,Reliance Energy,1951.2,8.9
October,Nagpur,Tata Power Company Ltd.,480,8.9
October,Nagpur,Indowind Energy,712,8.9
May,Nagpur,Indowind Energy,2233.6,8.9
July,Nagpur,Indowind Energy,3393.6,8.9
March,Nagpur,Reliance Energy,526.4,8.9
October,Nagpur,Orient Green,732.8,8.9
August,Nagpur,Orient Green,842.4,8.9
January,Nagpur,Tata Power Company Ltd.,547.84,8.9
June,Nagpur,Adani Power Ltd.,2198.4,8.9
December,Nagpur,Tata Power Company Ltd.,423.68,8.9
November,Nagpur,Indowind Energy,794.88,8.9
August,Nagpur,Tata Power Company Ltd.,1192.8,8.9
September,Nagpur,Orient Green,773.76,8.9
December,Nagpur,Orient Green,770.56,8.9
February,Nagpur,Tata Power Company Ltd.,440.32,8.9
February,Nagpur,Indowind Energy,715.52,8.9
April,Nagpur,Tata Power Company Ltd.,1372.8,8.9
August,Nagpur,Tata Power Company Ltd.,1708.8,8.9
July,Nagpur,Indowind Energy,3408,8.9
August,Nagpur,Tata Power Company Ltd.,1519.2,8.9
May,Nagpur,Indowind Energy,1584,8.9
September,Nagpur,Reliance Energy,1198.08,8.9
April,Nagpur,Indowind Energy,1104,8.9
June,Nagpur,Adani Power Ltd.,1910.4,8.9
October,Nagpur,Tata Power Company Ltd.,936,8.9
March,Nagpur,Tata Power Company Ltd.,1014.4,8.9
September,Nagpur,Adani Power Ltd.,781.44,8.9
September,Nagpur,Tata Power Company Ltd.,1246.08,8.9
August,Nagpur,Orient Green,1178.4,8.9
October,Nagpur,Reliance Energy,968,8.9
February,Nagpur,Orient Green,704,8.9
September,Nagpur,Orient Green,1259.52,8.9
February,Nagpur,Adani Power Ltd.,469.76,8.9
May,Nagpur,Orient Green,2096,8.9
September,Nagpur,Tata Power Company Ltd.,1128.96,8.9
January,Nagpur,Reliance Energy,706.56,8.9
July,Nagpur,Tata Power Company Ltd.,3340.8,8.9
April,Nagpur,Tata Power Company Ltd.,1389.6,8.9
June,Nagpur,Tata Power Company Ltd.,2452.8,8.9
February,Nagpur,Tata Power Company Ltd.,591.36,8.9
March,Nagpur,Indowind Energy,889.6,8.9
March,Nagpur,Adani Power Ltd.,864,8.9
June,Nagpur,Reliance Energy,2966.4,8.9
January,Nagpur,Reliance Energy,561.92,8.9
December,Nagpur,Indowind Energy,688.64,8.9
March,Nagpur,Orient Green,1140.8,8.9
December,Nagpur,Orient Green,842.24,8.9
February,Nagpur,Adani Power Ltd.,629.76,8.9
October,Nagpur,Tata Power Company Ltd.,347.2,8.9
February,Nagpur,Indowind Energy,783.36,8.9
January,Nagpur,Adani Power Ltd.,680.96,8.9
March,Nagpur,Orient Green,1051.2,8.9
May,Nagpur,Tata Power Company Ltd.,835.2,8.9
February,Nagpur,Tata Power Company Ltd.,645.12,8.9
September,Nagpur,Orient Green,913.92,8.9
July,Nagpur,Adani Power Ltd.,1569.6,8.9
July,Nagpur,Orient Green,3004.8,8.9
July,Nagpur,Tata Power Company Ltd.,2880,8.9
April,Nagpur,Tata Power Company Ltd.,1485.6,8.9
August,Nagpur,Indowind Energy,1159.2,8.9
April,Nagpur,Adani Power Ltd.,1010.4,8.9
February,Nagpur,Adani Power Ltd.,604.16,8.9
January,Nagpur,Tata Power Company Ltd.,528.64,8.9
February,Nagpur,Adani Power Ltd.,542.72,8.9
May,Nagpur,Adani Power Ltd.,1888,8.9
July,Nagpur,Tata Power Company Ltd.,1824,8.9
April,Nagpur,Tata Power Company Ltd.,1111.2,8.9
November,Nagpur,Indowind Energy,632.32,8.9
May,Nagpur,Adani Power Ltd.,1209.6,8.9
April,Nagpur,Indowind Energy,1204.8,8.9
July,Nagpur,Tata Power Company Ltd.,3307.2,8.9
June,Nagpur,Indowind Energy,2827.2,8.9
November,Nagpur,Tata Power Company Ltd.,654.08,8.9
March,Nagpur,Tata Power Company Ltd.,875.2,8.9
October,Nagpur,Adani Power Ltd.,1123.2,8.9
October,Nagpur,Orient Green,825.6,8.9
January,Nagpur,Orient Green,805.12,8.9
March,Nagpur,Reliance Energy,828.8,8.9
May,Nagpur,Adani Power Ltd.,2163.2,8.9
July,Nagpur,Orient Green,3336,8.9
September,Nagpur,Adani Power Ltd.,1376.64,8.9
March,Nagpur,Reliance Energy,1033.6,8.9
May,Nagpur,Tata Power Company Ltd.,1984,8.9
February,Nagpur,Reliance Energy,803.84,8.9
February,Nagpur,Adani Power Ltd.,688.64,8.9
September,Nagpur,Orient Green,910.08,8.9
July,Nagpur,Tata Power Company Ltd.,2793.6,8.9
January,Nagpur,Adani Power Ltd.,624.64,8.9
September,Nagpur,Reliance Energy,533.76,8.9
October,Nagpur,Reliance Energy,931.2,8.9
February,Nagpur,Tata Power Company Ltd.,637.44,8.9
October,Nagpur,Reliance Energy,995.2,8.9
December,Nagpur,Adani Power Ltd.,642.56,8.9
August,Nagpur,Tata Power Company Ltd.,1771.2,8.9
March,Nagpur,Orient Green,470.4,8.9
November,Nagpur,Indowind Energy,631.04,8.9
November,Nagpur,Adani Power Ltd.,788.48,8.9
February,Nagpur,Reliance Energy,579.84,8.9
November,Nagpur,Tata Power Company Ltd.,316.16,8.9
October,Nagpur,Adani Power Ltd.,892.8,8.9
December,Nagpur,Adani Power Ltd.,544,8.9
October,Nagpur,Adani Power Ltd.,1139.2,8.9
February,Nagpur,Orient Green,775.68,8.9
April,Nagpur,Tata Power Company Ltd.,1269.6,8.9
October,Nagpur,Tata Power Company Ltd.,784,8.9
July,Nagpur,Adani Power Ltd.,2947.2,8.9
May,Nagpur,Adani Power Ltd.,1628.8,8.9
July,Nagpur,Tata Power Company Ltd.,3091.2,8.9
February,Nagpur,Tata Power Company Ltd.,702.72,8.9
November,Nagpur,Tata Power Company Ltd.,794.88,8.9
September,Nagpur,Orient Green,604.8,8.9
May,Nagpur,Reliance Energy,1542.4,8.9
August,Nagpur,Adani Power Ltd.,1118.4,8.9
October,Nagpur,Adani Power Ltd.,1115.2,8.9
February,Nagpur,Adani Power Ltd.,558.08,8.9
October,Nagpur,Orient Green,819.2,8.9
August,Nagpur,Reliance Energy,787.2,8.9
February,Nagpur,Orient Green,538.88,8.9
October,Nagpur,Adani Power Ltd.,683.2,8.9
March,Nagpur,Orient Green,1102.4,8.9
October,Nagpur,Tata Power Company Ltd.,649.6,8.9
August,Nagpur,Adani Power Ltd.,1500,8.9
October,Nagpur,Orient Green,968,8.9
October,Nagpur,Indowind Energy,854.4,8.9
January,Nagpur,Indowind Energy,570.88,8.9
November,Nagpur,Reliance Energy,637.44,8.9
May,Nagpur,Adani Power Ltd.,1984,8.9
August,Nagpur,Tata Power Company Ltd.,1521.6,8.9
February,Nagpur,Orient Green,721.92,8.9
October,Nagpur,Tata Power Company Ltd.,780.8,8.9
October,Nagpur,Indowind Energy,760,8.9
March,Nagpur,Indowind Energy,603.2,8.9
April,Nagpur,Tata Power Company Ltd.,1408.8,8.9
January,Nagpur,Tata Power Company Ltd.,921.6,8.9
November,Nagpur,Tata Power Company Ltd.,657.92,8.9
November,Nagpur,Reliance Energy,674.56,8.9
May,Nagpur,Tata Power Company Ltd.,1593.6,8.9
November,Nagpur,Indowind Energy,682.24,8.9
May,Nagpur,Tata Power Company Ltd.,1235.2,8.9
March,Nagpur,Tata Power Company Ltd.,987.2,8.9
October,Nagpur,Reliance Energy,1080,8.9
March,Nagpur,Orient Green,996.8,8.9
September,Nagpur,Orient Green,1198.08,8.9
September,Nagpur,Orient Green,583.68,8.9
April,Nagpur,Tata Power Company Ltd.,1620,8.9
October,Nagpur,Tata Power Company Ltd.,588.8,8.9
June,Nagpur,Adani Power Ltd.,1540.8,8.9
February,Nagpur,Reliance Energy,938.24,8.9
August,Nagpur,Reliance Energy,1322.4,8.9
September,Nagpur,Reliance Energy,1023.36,8.9
March,Nagpur,Orient Green,888,8.9
May,Nagpur,Tata Power Company Ltd.,1673.6,8.9
December,Nagpur,Orient Green,558.08,8.9
February,Nagpur,Adani Power Ltd.,414.72,8.9
July,Nagpur,Tata Power Company Ltd.,2496,8.9
March,Nagpur,Orient Green,788.8,8.9
September,Nagpur,Orient Green,1249.92,8.9
August,Nagpur,Tata Power Company Ltd.,1236,8.9
November,Nagpur,Orient Green,651.52,8.9
February,Nagpur,Orient Green,784.64,8.9
September,Nagpur,Indowind Energy,971.52,8.9
May,Nagpur,Tata Power Company Ltd.,1545.6,8.9
July,Nagpur,Adani Power Ltd.,3048,8.9
October,Nagpur,Indowind Energy,704,8.9
November,Nagpur,Tata Power Company Ltd.,625.92,8.9
May,Nagpur,Reliance Energy,1990.4,8.9
September,Nagpur,Tata Power Company Ltd.,904.32,8.9
January,Nagpur,Orient Green,707.84,8.9
July,Nagpur,Orient Green,2884.8,8.9
April,Nagpur,Indowind Energy,1483.2,8.9
November,Nagpur,Adani Power Ltd.,485.12,8.9
August,Nagpur,Indowind Energy,1140,8.9
March,Nagpur,Indowind Energy,806.4,8.9
February,Nagpur,Tata Power Company Ltd.,645.12,8.9
February,Nagpur,Indowind Energy,597.76,8.9
December,Nagpur,Reliance Energy,563.2,8.9
December,Nagpur,Tata Power Company Ltd.,683.52,8.9
February,Nagpur,Indowind Energy,729.6,8.9
December,Nagpur,Orient Green,513.28,8.9
May,Nagpur,Orient Green,1596.8,8.9
April,Nagpur,Indowind Energy,1269.6,8.9
October,Nagpur,Orient Green,707.2,8.9
August,Nagpur,Orient Green,1375.2,8.9
April,Nagpur,Reliance Energy,1432.8,8.9
October,Nagpur,Orient Green,867.2,8.9
March,Nagpur,Adani Power Ltd.,657.6,8.9
November,Nagpur,Indowind Energy,576,8.9
May,Nagpur,Indowind Energy,1900.8,8.9
April,Nagpur,Indowind Energy,1718.4,8.9
March,Nagpur,Reliance Energy,395.2,8.9
September,Nagpur,Orient Green,537.6,8.9
April,Nagpur,Adani Power Ltd.,1051.2,8.9
September,Nagpur,Adani Power Ltd.,1280.64,8.9
August,Nagpur,Indowind Energy,1920,8.9
December,Nagpur,Orient Green,888.32,8.9
January,Nagpur,Reliance Energy,417.28,8.9
April,Nagpur,Indowind Energy,1514.4,8.9
March,Nagpur,Tata Power Company Ltd.,1041.6,8.9
January,Nagpur,Adani Power Ltd.,976.64,8.9
December,Nagpur,Reliance Energy,700.16,8.9
July,Nagpur,Indowind Energy,3115.2,8.9
April,Nagpur,Tata Power Company Ltd.,1519.2,8.9
March,Nagpur,Tata Power Company Ltd.,1020.8,8.9
February,Nagpur,Reliance Energy,551.68,8.9
June,Nagpur,Adani Power Ltd.,2644.8,8.9
April,Nagpur,Adani Power Ltd.,993.6,8.9
January,Nagpur,Orient Green,528.64,8.9
May,Nagpur,Reliance Energy,1769.6,8.9
August,Nagpur,Adani Power Ltd.,1166.4,8.9
April,Nagpur,Orient Green,885.6,8.9
August,Nagpur,Reliance Energy,1615.2,8.9
October,Nagpur,Adani Power Ltd.,1147.2,8.9
April,Nagpur,Tata Power Company Ltd.,1864.8,8.9
August,Nagpur,Reliance Energy,1552.8,8.9
May,Nagpur,Orient Green,2185.6,8.9
February,Nagpur,Indowind Energy,669.44,8.9
February,Nagpur,Reliance Energy,634.88,8.9
January,Nagpur,Adani Power Ltd.,454.4,8.9
September,Nagpur,Adani Power Ltd.,1363.2,8.9
September,Nagpur,Orient Green,737.28,8.9
August,Nagpur,Indowind Energy,1262.4,8.9
December,Nagpur,Adani Power Ltd.,518.4,8.9
May,Nagpur,Reliance Energy,931.2,8.9
August,Nagpur,Adani Power Ltd.,1341.6,8.9
May,Nagpur,Reliance Energy,2102.4,8.9
February,Nagpur,Tata Power Company Ltd.,450.56,8.9
September,Nagpur,Orient Green,983.04,8.9
May,Nagpur,Reliance Energy,1200,8.9
November,Nagpur,Adani Power Ltd.,806.4,8.9
December,Nagpur,Orient Green,840.96,8.9
September,Nagpur,Orient Green,1031.04,8.9
November,Nagpur,Orient Green,784.64,8.9
February,Nagpur,Orient Green,666.88,8.9
June,Nagpur,Reliance Energy,1939.2,8.9
January,Nagpur,Tata Power Company Ltd.,532.48,8.9
June,Nagpur,Tata Power Company Ltd.,1982.4,8.9
December,Nagpur,Indowind Energy,1091.84,8.9
February,Nagpur,Adani Power Ltd.,620.8,8.9
December,Nagpur,Indowind Energy,976.64,8.9
October,Nagpur,Tata Power Company Ltd.,755.2,8.9
December,Nagpur,Adani Power Ltd.,700.16,8.9
March,Nagpur,Tata Power Company Ltd.,841.6,8.9
March,Nagpur,Reliance Energy,667.2,8.9
April,Nagpur,Reliance Energy,1003.2,8.9
August,Nagpur,Reliance Energy,1132.8,8.9
August,Nagpur,Tata Power Company Ltd.,1135.2,8.9
July,Nagpur,Orient Green,1852.8,8.9
October,Nagpur,Tata Power Company Ltd.,734.4,8.9
October,Nagpur,Indowind Energy,1137.6,8.9
June,Nagpur,Reliance Energy,2462.4,8.9
February,Nagpur,Tata Power Company Ltd.,760.32,8.9
October,Nagpur,Indowind Energy,964.8,8.9
October,Nagpur,Tata Power Company Ltd.,764.8,8.9
February,Nagpur,Orient Green,464.64,8.9
October,Nagpur,Reliance Energy,814.4,8.9
September,Nagpur,Reliance Energy,862.08,8.9
October,Nagpur,Adani Power Ltd.,641.6,8.9
April,Nagpur,Reliance Energy,1540.8,8.9
November,Nagpur,Adani Power Ltd.,852.48,8.9
November,Nagpur,Indowind Energy,492.8,8.9
February,Nagpur,Adani Power Ltd.,564.48,8.9
February,Nagpur,Orient Green,700.16,8.9
April,Nagpur,Orient Green,1680,8.9
March,Nagpur,Reliance Energy,688,8.9
October,Nagpur,Adani Power Ltd.,1033.6,8.9
October,Nagpur,Orient Green,736,8.9
September,Nagpur,Tata Power Company Ltd.,1269.12,8.9
May,Nagpur,Reliance Energy,1248,8.9
November,Nagpur,Adani Power Ltd.,678.4,8.9
October,Nagpur,Indowind Energy,995.2,8.9
December,Nagpur,Indowind Energy,546.56,8.9
March,Nagpur,Orient Green,643.2,8.9
November,Nagpur,Indowind Energy,561.92,8.9
June,Nagpur,Reliance Energy,2376,8.9
April,Nagpur,Reliance Energy,1735.2,8.9
March,Nagpur,Tata Power Company Ltd.,948.8,8.9
July,Nagpur,Tata Power Company Ltd.,2227.2,8.9
June,Navi Mumbai,Adani Power Ltd.,1175.625,9.3
March,Navi Mumbai,Indowind Energy,191.875,9.3
August,Navi Mumbai,Orient Green,420.9375,9.3
April,Navi Mumbai,Reliance Energy,495,9.3
June,Navi Mumbai,Adani Power Ltd.,924.375,9.3
June,Navi Mumbai,Orient Green,832.5,9.3
February,Navi Mumbai,Orient Green,195,9.3
November,Navi Mumbai,Orient Green,228,9.3
June,Navi Mumbai,Orient Green,864.375,9.3
March,Navi Mumbai,Reliance Energy,307.5,9.3
March,Navi Mumbai,Indowind Energy,175.625,9.3
February,Navi Mumbai,Tata Power Company Ltd.,251,9.3
March,Navi Mumbai,Adani Power Ltd.,221.875,9.3
June,Navi Mumbai,Tata Power Company Ltd.,661.875,9.3
February,Navi Mumbai,Indowind Energy,225,9.3
January,Navi Mumbai,Adani Power Ltd.,281,9.3
September,Navi Mumbai,Indowind Energy,303.75,9.3
December,Navi Mumbai,Indowind Energy,180,9.3
September,Navi Mumbai,Adani Power Ltd.,447,9.3
February,Navi Mumbai,Indowind Energy,287.5,9.3
November,Navi Mumbai,Orient Green,247,9.3
April,Navi Mumbai,Indowind Energy,401.25,9.3
October,Navi Mumbai,Orient Green,316.875,9.3
November,Navi Mumbai,Indowind Energy,136,9.3
August,Navi Mumbai,Reliance Energy,762.1875,9.3
November,Navi Mumbai,Tata Power Company Ltd.,267.5,9.3
May,Navi Mumbai,Indowind Energy,451.25,9.3
July,Navi Mumbai,Orient Green,945,9.3
October,Navi Mumbai,Adani Power Ltd.,258.125,9.3
April,Navi Mumbai,Reliance Energy,375,9.3
September,Navi Mumbai,Indowind Energy,503.25,9.3
August,Navi Mumbai,Reliance Energy,568.125,9.3
January,Navi Mumbai,Indowind Energy,168.5,9.3
July,Navi Mumbai,Indowind Energy,1275,9.3
April,Navi Mumbai,Tata Power Company Ltd.,668.4375,9.3
November,Navi Mumbai,Reliance Energy,306,9.3
March,Navi Mumbai,Reliance Energy,375,9.3
August,Navi Mumbai,Reliance Energy,555.9375,9.3
March,Navi Mumbai,Orient Green,272.5,9.3
February,Navi Mumbai,Reliance Energy,266.5,9.3
April,Navi Mumbai,Indowind Energy,600.9375,9.3
November,Navi Mumbai,Reliance Energy,332,9.3
March,Navi Mumbai,Adani Power Ltd.,257.5,9.3
June,Navi Mumbai,Tata Power Company Ltd.,1140,9.3
July,Navi Mumbai,Adani Power Ltd.,701.25,9.3
May,Navi Mumbai,Adani Power Ltd.,358.75,9.3
January,Navi Mumbai,Adani Power Ltd.,231,9.3
December,Navi Mumbai,Reliance Energy,268.5,9.3
May,Navi Mumbai,Reliance Energy,487.5,9.3
November,Navi Mumbai,Tata Power Company Ltd.,336.5,9.3
September,Navi Mumbai,Orient Green,406.5,9.3
August,Navi Mumbai,Orient Green,392.8125,9.3
January,Navi Mumbai,Indowind Energy,233,9.3
June,Navi Mumbai,Orient Green,665.625,9.3
September,Navi Mumbai,Orient Green,295.5,9.3
September,Navi Mumbai,Tata Power Company Ltd.,391.5,9.3
September,Navi Mumbai,Adani Power Ltd.,295.5,9.3
June,Navi Mumbai,Tata Power Company Ltd.,976.875,9.3
June,Navi Mumbai,Tata Power Company Ltd.,860.625,9.3
June,Navi Mumbai,Adani Power Ltd.,1363.125,9.3
October,Navi Mumbai,Orient Green,230.625,9.3
April,Navi Mumbai,Reliance Energy,554.0625,9.3
June,Navi Mumbai,Indowind Energy,765,9.3
February,Navi Mumbai,Adani Power Ltd.,289,9.3
December,Navi Mumbai,Tata Power Company Ltd.,297.5,9.3
January,Navi Mumbai,Adani Power Ltd.,227.5,9.3
March,Navi Mumbai,Tata Power Company Ltd.,406.875,9.3
November,Navi Mumbai,Indowind Energy,253,9.3
January,Navi Mumbai,Adani Power Ltd.,219,9.3
May,Navi Mumbai,Orient Green,451.25,9.3
September,Navi Mumbai,Tata Power Company Ltd.,525,9.3
October,Navi Mumbai,Adani Power Ltd.,253.125,9.3
March,Navi Mumbai,Indowind Energy,214.375,9.3
June,Navi Mumbai,Reliance Energy,1160.625,9.3
October,Navi Mumbai,Adani Power Ltd.,265,9.3
March,Navi Mumbai,Tata Power Company Ltd.,437.5,9.3
September,Navi Mumbai,Adani Power Ltd.,427.5,9.3
June,Navi Mumbai,Reliance Energy,894.375,9.3
March,Navi Mumbai,Reliance Energy,220.625,9.3
September,Navi Mumbai,Orient Green,332.25,9.3
March,Navi Mumbai,Orient Green,339.375,9.3
November,Navi Mumbai,Indowind Energy,219,9.3
July,Navi Mumbai,Indowind Energy,1156.875,9.3
September,Navi Mumbai,Orient Green,324.75,9.3
October,Navi Mumbai,Reliance Energy,373.125,9.3
January,Navi Mumbai,Orient Green,277.5,9.3
January,Navi Mumbai,Orient Green,244,9.3
September,Navi Mumbai,Adani Power Ltd.,460.5,9.3
November,Navi Mumbai,Indowind Energy,190,9.3
April,Navi Mumbai,Reliance Energy,420.9375,9.3
November,Navi Mumbai,Orient Green,232.5,9.3
December,Navi Mumbai,Indowind Energy,113.5,9.3
August,Navi Mumbai,Indowind Energy,477.1875,9.3
November,Navi Mumbai,Indowind Energy,179,9.3
November,Navi Mumbai,Reliance Energy,270.5,9.3
April,Navi Mumbai,Indowind Energy,325.3125,9.3
January,Navi Mumbai,Indowind Energy,319,9.3
November,Navi Mumbai,Tata Power Company Ltd.,317,9.3
April,Navi Mumbai,Adani Power Ltd.,500.625,9.3
March,Navi Mumbai,Orient Green,388.125,9.3
March,Navi Mumbai,Orient Green,258.75,9.3
February,Navi Mumbai,Reliance Energy,227.5,9.3
March,Navi Mumbai,Indowind Energy,323.75,9.3
September,Navi Mumbai,Orient Green,279.75,9.3
January,Navi Mumbai,Indowind Energy,311.5,9.3
January,Navi Mumbai,Indowind Energy,211,9.3
June,Navi Mumbai,Orient Green,960,9.3
February,Navi Mumbai,Orient Green,205,9.3
May,Navi Mumbai,Orient Green,407.5,9.3
March,Navi Mumbai,Tata Power Company Ltd.,278.125,9.3
February,Navi Mumbai,Adani Power Ltd.,221.5,9.3
October,Navi Mumbai,Tata Power Company Ltd.,297.5,9.3
May,Navi Mumbai,Reliance Energy,547.5,9.3
November,Navi Mumbai,Indowind Energy,248.5,9.3
August,Navi Mumbai,Adani Power Ltd.,551.25,9.3
June,Navi Mumbai,Tata Power Company Ltd.,787.5,9.3
July,Navi Mumbai,Orient Green,941.25,9.3
January,Navi Mumbai,Adani Power Ltd.,306,9.3
November,Navi Mumbai,Indowind Energy,172,9.3
March,Navi Mumbai,Tata Power Company Ltd.,443.75,9.3
July,Navi Mumbai,Orient Green,1080,9.3
April,Navi Mumbai,Tata Power Company Ltd.,389.0625,9.3
August,Navi Mumbai,Orient Green,297.1875,9.3
November,Navi Mumbai,Indowind Energy,277.5,9.3
February,Navi Mumbai,Reliance Energy,180,9.3
February,Navi Mumbai,Adani Power Ltd.,201,9.3
December,Navi Mumbai,Reliance Energy,319,9.3
November,Navi Mumbai,Tata Power Company Ltd.,153.5,9.3
June,Navi Mumbai,Reliance Energy,808.125,9.3
October,Navi Mumbai,Tata Power Company Ltd.,229.375,9.3
August,Navi Mumbai,Indowind Energy,333.75,9.3
March,Navi Mumbai,Indowind Energy,219.375,9.3
March,Navi Mumbai,Adani Power Ltd.,350,9.3
March,Navi Mumbai,Orient Green,628.75,9.3
April,Navi Mumbai,Indowind Energy,821.25,9.3
June,Navi Mumbai,Indowind Energy,2133.75,9.3
September,Navi Mumbai,Orient Green,934.5,9.3
November,Navi Mumbai,Adani Power Ltd.,634,9.3
November,Navi Mumbai,Reliance Energy,607,9.3
September,Navi Mumbai,Indowind Energy,1020,9.3
July,Navi Mumbai,Tata Power Company Ltd.,1683.75,9.3
January,Navi Mumbai,Orient Green,494,9.3
February,Navi Mumbai,Orient Green,306,9.3
March,Navi Mumbai,Tata Power Company Ltd.,650,9.3
April,Navi Mumbai,Orient Green,1016.25,9.3
September,Navi Mumbai,Adani Power Ltd.,624,9.3
January,Navi Mumbai,Orient Green,516,9.3
April,Navi Mumbai,Tata Power Company Ltd.,870,9.3
May,Navi Mumbai,Adani Power Ltd.,1047.5,9.3
January,Navi Mumbai,Orient Green,528,9.3
December,Navi Mumbai,Orient Green,332,9.3
November,Navi Mumbai,Tata Power Company Ltd.,554,9.3
December,Navi Mumbai,Reliance Energy,510,9.3
October,Navi Mumbai,Adani Power Ltd.,612.5,9.3
May,Navi Mumbai,Indowind Energy,1790,9.3
July,Navi Mumbai,Orient Green,1515,9.3
July,Navi Mumbai,Adani Power Ltd.,2853.75,9.3
September,Navi Mumbai,Reliance Energy,570,9.3
September,Navi Mumbai,Indowind Energy,793.5,9.3
April,Navi Mumbai,Indowind Energy,1096.875,9.3
February,Navi Mumbai,Indowind Energy,482,9.3
July,Navi Mumbai,Reliance Energy,1927.5,9.3
July,Navi Mumbai,Orient Green,2096.25,9.3
September,Navi Mumbai,Adani Power Ltd.,675,9.3
September,Navi Mumbai,Tata Power Company Ltd.,808.5,9.3
December,Navi Mumbai,Adani Power Ltd.,432,9.3
August,Navi Mumbai,Reliance Energy,1213.125,9.3
July,Navi Mumbai,Orient Green,1901.25,9.3
June,Navi Mumbai,Adani Power Ltd.,2006.25,9.3
June,Navi Mumbai,Reliance Energy,2598.75,9.3
June,Navi Mumbai,Indowind Energy,2036.25,9.3
November,Navi Mumbai,Indowind Energy,763,9.3
June,Navi Mumbai,Orient Green,1995,9.3
December,Navi Mumbai,Indowind Energy,644,9.3
December,Navi Mumbai,Tata Power Company Ltd.,585,9.3
May,Navi Mumbai,Orient Green,907.5,9.3
February,Navi Mumbai,Tata Power Company Ltd.,452,9.3
June,Navi Mumbai,Tata Power Company Ltd.,1500,9.3
July,Navi Mumbai,Indowind Energy,1080,9.3
February,Navi Mumbai,Reliance Energy,384,9.3
July,Navi Mumbai,Adani Power Ltd.,1155,9.3
February,Navi Mumbai,Tata Power Company Ltd.,569,9.3
November,Navi Mumbai,Orient Green,521,9.3
March,Navi Mumbai,Reliance Energy,651.25,9.3
July,Navi Mumbai,Tata Power Company Ltd.,2343.75,9.3
November,Navi Mumbai,Indowind Energy,553,9.3
December,Navi Mumbai,Orient Green,383,9.3
April,Navi Mumbai,Indowind Energy,881.25,9.3
August,Navi Mumbai,Reliance Energy,1091.25,9.3
August,Navi Mumbai,Indowind Energy,913.125,9.3
January,Navi Mumbai,Adani Power Ltd.,196,9.3
January,Navi Mumbai,Reliance Energy,626,9.3
October,Navi Mumbai,Reliance Energy,500,9.3
July,Navi Mumbai,Reliance Energy,1882.5,9.3
June,Navi Mumbai,Indowind Energy,2212.5,9.3
October,Navi Mumbai,Reliance Energy,670,9.3
February,Navi Mumbai,Indowind Energy,274,9.3
August,Navi Mumbai,Adani Power Ltd.,528.75,9.3
June,Navi Mumbai,Reliance Energy,2561.25,9.3
November,Navi Mumbai,Adani Power Ltd.,609,9.3
January,Navi Mumbai,Reliance Energy,401,9.3
September,Navi Mumbai,Tata Power Company Ltd.,538.5,9.3
January,Navi Mumbai,Orient Green,731,9.3
September,Navi Mumbai,Adani Power Ltd.,673.5,9.3
October,Navi Mumbai,Reliance Energy,478.75,9.3
November,Navi Mumbai,Orient Green,513,9.3
December,Navi Mumbai,Orient Green,629,9.3
June,Navi Mumbai,Tata Power Company Ltd.,1267.5,9.3
March,Navi Mumbai,Tata Power Company Ltd.,641.25,9.3
December,Navi Mumbai,Indowind Energy,690,9.3
April,Navi Mumbai,Tata Power Company Ltd.,980.625,9.3
June,Navi Mumbai,Orient Green,2077.5,9.3
August,Navi Mumbai,Orient Green,772.5,9.3
June,Navi Mumbai,Adani Power Ltd.,2231.25,9.3
October,Navi Mumbai,Orient Green,787.5,9.3
December,Navi Mumbai,Orient Green,463,9.3
August,Navi Mumbai,Adani Power Ltd.,1365,9.3
January,Navi Mumbai,Reliance Energy,483,9.3
October,Navi Mumbai,Indowind Energy,468.75,9.3
September,Navi Mumbai,Tata Power Company Ltd.,901.5,9.3
July,Navi Mumbai,Reliance Energy,2291.25,9.3
August,Navi Mumbai,Indowind Energy,774.375,9.3
July,Navi Mumbai,Orient Green,2283.75,9.3
November,Navi Mumbai,Orient Green,579,9.3
January,Navi Mumbai,Orient Green,650,9.3
November,Navi Mumbai,Adani Power Ltd.,459,9.3
June,Navi Mumbai,Adani Power Ltd.,2302.5,9.3
February,Navi Mumbai,Adani Power Ltd.,493,9.3
September,Navi Mumbai,Indowind Energy,540,9.3
December,Navi Mumbai,Tata Power Company Ltd.,552,9.3
March,Navi Mumbai,Tata Power Company Ltd.,548.75,9.3
October,Navi Mumbai,Adani Power Ltd.,463.75,9.3
October,Navi Mumbai,Tata Power Company Ltd.,275,9.3
October,Navi Mumbai,Indowind Energy,853.75,9.3
April,Navi Mumbai,Orient Green,931.875,9.3
October,Navi Mumbai,Adani Power Ltd.,530,9.3
March,Navi Mumbai,Orient Green,578.75,9.3
July,Navi Mumbai,Reliance Energy,2231.25,9.3
September,Navi Mumbai,Adani Power Ltd.,789,9.3
February,Navi Mumbai,Reliance Energy,562,9.3
April,Navi Mumbai,Adani Power Ltd.,991.875,9.3
January,Navi Mumbai,Orient Green,685,9.3
January,Navi Mumbai,Reliance Energy,462,9.3
February,Navi Mumbai,Reliance Energy,340,9.3
January,Navi Mumbai,Indowind Energy,499,9.3
May,Navi Mumbai,Adani Power Ltd.,1357.5,9.3
February,Navi Mumbai,Reliance Energy,299,9.3
May,Navi Mumbai,Orient Green,1530,9.3
September,Navi Mumbai,Orient Green,997.5,9.3
September,Navi Mumbai,Adani Power Ltd.,784.5,9.3
August,Navi Mumbai,Tata Power Company Ltd.,1522.5,9.3
November,Navi Mumbai,Tata Power Company Ltd.,560,9.3
October,Navi Mumbai,Reliance Energy,615,9.3
December,Navi Mumbai,Indowind Energy,740,9.3
June,Navi Mumbai,Indowind Energy,1792.5,9.3
May,Navi Mumbai,Tata Power Company Ltd.,1737.5,9.3
July,Navi Mumbai,Tata Power Company Ltd.,2156.25,9.3
January,Navi Mumbai,Reliance Energy,584,9.3
April,Navi Mumbai,Indowind Energy,834.375,9.3
April,Navi Mumbai,Adani Power Ltd.,885,9.3
January,Navi Mumbai,Indowind Energy,259,9.3
January,Navi Mumbai,Tata Power Company Ltd.,525,9.3
November,Navi Mumbai,Adani Power Ltd.,569,9.3
May,Navi Mumbai,Indowind Energy,1057.5,9.3
May,Navi Mumbai,Adani Power Ltd.,1352.5,9.3
September,Navi Mumbai,Adani Power Ltd.,828,9.3
November,Navi Mumbai,Adani Power Ltd.,514,9.3
November,Navi Mumbai,Tata Power Company Ltd.,515,9.3
July,Navi Mumbai,Tata Power Company Ltd.,2452.5,9.3
March,Navi Mumbai,Adani Power Ltd.,823.75,9.3
October,Navi Mumbai,Reliance Energy,627.5,9.3
April,Navi Mumbai,Reliance Energy,778.125,9.3
August,Navi Mumbai,Adani Power Ltd.,900,9.3
August,Navi Mumbai,Tata Power Company Ltd.,873.75,9.3
February,Navi Mumbai,Adani Power Ltd.,582,9.3
January,Navi Mumbai,Tata Power Company Ltd.,560,9.3
August,Navi Mumbai,Tata Power Company Ltd.,1488.75,9.3
October,Navi Mumbai,Indowind Energy,537.5,9.3
October,Navi Mumbai,Reliance Energy,640,9.3
June,Navi Mumbai,Orient Green,2478.75,9.3
August,Navi Mumbai,Tata Power Company Ltd.,969.375,9.3
January,Navi Mumbai,Indowind Energy,683,9.3
April,Navi Mumbai,Adani Power Ltd.,1076.25,9.3
August,Navi Mumbai,Adani Power Ltd.,532.5,9.3
April,Navi Mumbai,Tata Power Company Ltd.,710.625,9.3
March,Navi Mumbai,Tata Power Company Ltd.,541.25,9.3
January,Navi Mumbai,Reliance Energy,480,9.3
March,Navi Mumbai,Indowind Energy,631.25,9.3
September,Navi Mumbai,Reliance Energy,694.5,9.3
February,Navi Mumbai,Indowind Energy,446,9.3
November,Navi Mumbai,Reliance Energy,591,9.3
April,Navi Mumbai,Tata Power Company Ltd.,688.125,9.3
December,Navi Mumbai,Adani Power Ltd.,544,9.3
January,Navi Mumbai,Adani Power Ltd.,721,9.3
August,Navi Mumbai,Tata Power Company Ltd.,691.875,9.3
April,Navi Mumbai,Tata Power Company Ltd.,905.625,9.3
January,Navi Mumbai,Tata Power Company Ltd.,765,9.3
January,Navi Mumbai,Orient Green,670,9.3
November,Navi Mumbai,Reliance Energy,487,9.3
July,Navi Mumbai,Reliance Energy,2422.5,9.3
May,Navi Mumbai,Reliance Energy,927.5,9.3
May,Navi Mumbai,Indowind Energy,790,9.3
January,Navi Mumbai,Orient Green,628,9.3
March,Navi Mumbai,Tata Power Company Ltd.,568.75,9.3
February,Navi Mumbai,Orient Green,420,9.3
November,Navi Mumbai,Tata Power Company Ltd.,552,9.3
September,Navi Mumbai,Orient Green,516,9.3
September,Navi Mumbai,Orient Green,598.5,9.3
February,Navi Mumbai,Orient Green,528,9.3
September,Navi Mumbai,Orient Green,810,9.3
July,Navi Mumbai,Adani Power Ltd.,2767.5,9.3
October,Navi Mumbai,Adani Power Ltd.,795,9.3
May,Navi Mumbai,Indowind Energy,1672.5,9.3
July,Navi Mumbai,Tata Power Company Ltd.,1305,9.3
December,Navi Mumbai,Adani Power Ltd.,342,9.3
October,Navi Mumbai,Tata Power Company Ltd.,571.25,9.3
September,Navi Mumbai,Indowind Energy,667.5,9.3
June,Navi Mumbai,Orient Green,1946.25,9.3
March,Navi Mumbai,Indowind Energy,715,9.3
June,Navi Mumbai,Indowind Energy,2107.5,9.3
July,Navi Mumbai,Reliance Energy,1976.25,9.3
June,Navi Mumbai,Tata Power Company Ltd.,1886.25,9.3
November,Navi Mumbai,Adani Power Ltd.,714,9.3
February,Navi Mumbai,Reliance Energy,508,9.3
September,Navi Mumbai,Orient Green,667.5,9.3
November,Navi Mumbai,Adani Power Ltd.,313,9.3
December,Navi Mumbai,Adani Power Ltd.,457,9.3
May,Navi Mumbai,Tata Power Company Ltd.,1352.5,9.3
May,Navi Mumbai,Orient Green,1520,9.3
February,Navi Mumbai,Orient Green,455,9.3
July,Navi Mumbai,Adani Power Ltd.,2396.25,9.3
May,Navi Mumbai,Adani Power Ltd.,1250,9.3
December,Navi Mumbai,Tata Power Company Ltd.,401,9.3
March,Navi Mumbai,Orient Green,533.75,9.3
March,Navi Mumbai,Adani Power Ltd.,933.75,9.3
September,Navi Mumbai,Reliance Energy,655.5,9.3
August,Navi Mumbai,Tata Power Company Ltd.,905.625,9.3
October,Navi Mumbai,Reliance Energy,741.25,9.3
December,Navi Mumbai,Adani Power Ltd.,652,9.3
December,Navi Mumbai,Adani Power Ltd.,754,9.3
October,Navi Mumbai,Adani Power Ltd.,1077.5,9.3
March,Navi Mumbai,Tata Power Company Ltd.,372.5,9.3
December,Navi Mumbai,Indowind Energy,714,9.3
September,Navi Mumbai,Reliance Energy,664.5,9.3
November,Navi Mumbai,Adani Power Ltd.,672,9.3
December,Navi Mumbai,Orient Green,487,9.3
March,Navi Mumbai,Reliance Energy,578.75,9.3
April,Navi Mumbai,Reliance Energy,1147.5,9.3
October,Navi Mumbai,Tata Power Company Ltd.,868.75,9.3
March,Navi Mumbai,Indowind Energy,691.25,9.3
May,Navi Mumbai,Orient Green,1022.5,9.3
October,Navi Mumbai,Orient Green,880,9.3
February,Navi Mumbai,Reliance Energy,287,9.3
October,Navi Mumbai,Orient Green,395,9.3
January,Navi Mumbai,Reliance Energy,485,9.3
November,Navi Mumbai,Orient Green,608,9.3
April,Navi Mumbai,Orient Green,1275,9.3
March,Navi Mumbai,Reliance Energy,745,9.3
March,Navi Mumbai,Indowind Energy,493.75,9.3
April,Navi Mumbai,Tata Power Company Ltd.,830.625,9.3
August,Navi Mumbai,Indowind Energy,1252.5,9.3
October,Navi Mumbai,Tata Power Company Ltd.,630,9.3
August,Navi Mumbai,Adani Power Ltd.,1063.125,9.3
November,Navi Mumbai,Reliance Energy,483,9.3
August,Navi Mumbai,Adani Power Ltd.,960,9.3
May,Navi Mumbai,Orient Green,1380,9.3
August,Navi Mumbai,Indowind Energy,1089.375,9.3
September,Navi Mumbai,Reliance Energy,543,9.3
February,Navi Mumbai,Indowind Energy,287,9.3
May,Navi Mumbai,Reliance Energy,1350,9.3
February,Navi Mumbai,Orient Green,357,9.3
March,Navi Mumbai,Tata Power Company Ltd.,336.25,9.3
May,Navi Mumbai,Indowind Energy,1620,9.3
March,Navi Mumbai,Reliance Energy,557.5,9.3
August,Navi Mumbai,Adani Power Ltd.,1370.625,9.3
January,Navi Mumbai,Orient Green,641,9.3
February,Navi Mumbai,Orient Green,371,9.3
September,Navi Mumbai,Indowind Energy,1036.5,9.3
September,Navi Mumbai,Adani Power Ltd.,910.5,9.3
January,Navi Mumbai,Indowind Energy,462,9.3
December,Navi Mumbai,Orient Green,534,9.3
September,Navi Mumbai,Tata Power Company Ltd.,796.5,9.3
November,Navi Mumbai,Adani Power Ltd.,492,9.3
May,Navi Mumbai,Reliance Energy,1320,9.3
September,Navi Mumbai,Orient Green,601.5,9.3
August,Navi Mumbai,Orient Green,975,9.3
July,Navi Mumbai,Indowind Energy,1432.5,9.3
July,Navi Mumbai,Indowind Energy,1893.75,9.3
October,Navi Mumbai,Adani Power Ltd.,582.5,9.3
February,Navi Mumbai,Tata Power Company Ltd.,528,9.3
June,Navi Mumbai,Orient Green,1455,9.3
September,Navi Mumbai,Reliance Energy,790.5,9.3
November,Navi Mumbai,Adani Power Ltd.,660,9.3
August,Navi Mumbai,Orient Green,1048.125,9.3
December,Navi Mumbai,Adani Power Ltd.,323,9.3
November,Navi Mumbai,Adani Power Ltd.,730,9.3
July,Navi Mumbai,Tata Power Company Ltd.,1462.5,9.3
December,Navi Mumbai,Indowind Energy,528,9.3
June,Navi Mumbai,Tata Power Company Ltd.,2235,9.3
March,Navi Mumbai,Orient Green,648.75,9.3
October,Navi Mumbai,Reliance Energy,607.5,9.3
April,Navi Mumbai,Tata Power Company Ltd.,830.625,9.3
December,Navi Mumbai,Indowind Energy,455,9.3
April,Navi Mumbai,Tata Power Company Ltd.,1123.125,9.3
March,Navi Mumbai,Tata Power Company Ltd.,366.25,9.3
October,Navi Mumbai,Reliance Energy,698.75,9.3
December,Navi Mumbai,Reliance Energy,581,9.3
March,Navi Mumbai,Tata Power Company Ltd.,625,9.3
April,Navi Mumbai,Adani Power Ltd.,881.25,9.3
April,Navi Mumbai,Tata Power Company Ltd.,1156.875,9.3
August,Navi Mumbai,Adani Power Ltd.,1196.25,9.3
September,Navi Mumbai,Indowind Energy,595.5,9.3
October,Navi Mumbai,Reliance Energy,765,9.3
July,Navi Mumbai,Adani Power Ltd.,2441.25,9.3
July,Navi Mumbai,Adani Power Ltd.,2216.25,9.3
November,Navi Mumbai,Adani Power Ltd.,449,9.3
October,Navi Mumbai,Orient Green,546.25,9.3
October,Navi Mumbai,Adani Power Ltd.,772.5,9.3
January,Navi Mumbai,Tata Power Company Ltd.,423,9.3
August,Navi Mumbai,Orient Green,757.5,9.3
April,Navi Mumbai,Reliance Energy,978.75,9.3
May,Navi Mumbai,Reliance Energy,1655,9.3
July,Navi Mumbai,Reliance Energy,1676.25,9.3
May,Navi Mumbai,Tata Power Company Ltd.,1262.5,9.3
July,Navi Mumbai,Orient Green,2163.75,9.3
April,Navi Mumbai,Tata Power Company Ltd.,905.625,9.3
September,Navi Mumbai,Indowind Energy,1075.5,9.3
November,Navi Mumbai,Reliance Energy,514,9.3
May,Navi Mumbai,Reliance Energy,972.5,9.3
March,Navi Mumbai,Tata Power Company Ltd.,642.5,9.3
March,Navi Mumbai,Indowind Energy,562.5,9.3
March,Navi Mumbai,Indowind Energy,605,9.3
May,Navi Mumbai,Tata Power Company Ltd.,1385,9.3
September,Navi Mumbai,Orient Green,955.5,9.3
December,Navi Mumbai,Orient Green,544,9.3
June,Navi Mumbai,Reliance Energy,1965,9.3
February,Navi Mumbai,Reliance Energy,400,9.3
January,Navi Mumbai,Tata Power Company Ltd.,582,9.3
March,Navi Mumbai,Reliance Energy,803.75,9.3
August,Navi Mumbai,Reliance Energy,708.75,9.3
September,Navi Mumbai,Tata Power Company Ltd.,574.5,9.3
September,Navi Mumbai,Indowind Energy,744,9.3
August,Navi Mumbai,Adani Power Ltd.,986.25,9.3
June,Navi Mumbai,Adani Power Ltd.,2580,9.3
December,New Delhi,Adani Power Ltd.,616,8.5
August,New Delhi,Orient Green,1051.875,8.5
November,New Delhi,Tata Power Company Ltd.,683,8.5
December,New Delhi,Orient Green,313,8.5
December,New Delhi,Indowind Energy,564,8.5
April,New Delhi,Tata Power Company Ltd.,690,8.5
September,New Delhi,Tata Power Company Ltd.,726,8.5
November,New Delhi,Orient Green,442,8.5
November,New Delhi,Tata Power Company Ltd.,513,8.5
November,New Delhi,Adani Power Ltd.,536,8.5
June,New Delhi,Orient Green,2205,8.5
July,New Delhi,Adani Power Ltd.,1166.25,8.5
September,New Delhi,Reliance Energy,948,8.5
December,New Delhi,Orient Green,461,8.5
January,New Delhi,Adani Power Ltd.,322,8.5
April,New Delhi,Indowind Energy,960,8.5
February,New Delhi,Tata Power Company Ltd.,421,8.5
April,New Delhi,Orient Green,946.875,8.5
May,New Delhi,Adani Power Ltd.,1012.5,8.5
September,New Delhi,Orient Green,715.5,8.5
November,New Delhi,Reliance Energy,593,8.5
March,New Delhi,Indowind Energy,318.75,8.5
May,New Delhi,Tata Power Company Ltd.,1445,8.5
April,New Delhi,Indowind Energy,1276.875,8.5
November,New Delhi,Orient Green,558,8.5
October,New Delhi,Orient Green,983.75,8.5
August,New Delhi,Tata Power Company Ltd.,1158.75,8.5
December,New Delhi,Adani Power Ltd.,753,8.5
December,New Delhi,Tata Power Company Ltd.,496,8.5
October,New Delhi,Reliance Energy,620,8.5
February,New Delhi,Tata Power Company Ltd.,419,8.5
November,New Delhi,Tata Power Company Ltd.,560,8.5
April,New Delhi,Adani Power Ltd.,1053.75,8.5
May,New Delhi,Indowind Energy,1347.5,8.5
January,New Delhi,Indowind Energy,319,8.5
November,New Delhi,Reliance Energy,518,8.5
February,New Delhi,Adani Power Ltd.,459,8.5
August,New Delhi,Reliance Energy,1378.125,8.5
November,New Delhi,Tata Power Company Ltd.,537,8.5
September,New Delhi,Reliance Energy,630,8.5
December,New Delhi,Orient Green,535,8.5
August,New Delhi,Adani Power Ltd.,1276.875,8.5
January,New Delhi,Adani Power Ltd.,478,8.5
March,New Delhi,Indowind Energy,622.5,8.5
April,New Delhi,Reliance Energy,1177.5,8.5
July,New Delhi,Tata Power Company Ltd.,2336.25,8.5
February,New Delhi,Tata Power Company Ltd.,385,8.5
May,New Delhi,Tata Power Company Ltd.,1385,8.5
July,New Delhi,Adani Power Ltd.,2321.25,8.5
June,New Delhi,Reliance Energy,1957.5,8.5
August,New Delhi,Indowind Energy,941.25,8.5
October,New Delhi,Adani Power Ltd.,928.75,8.5
October,New Delhi,Adani Power Ltd.,762.5,8.5
October,New Delhi,Tata Power Company Ltd.,371.25,8.5
December,New Delhi,Reliance Energy,631,8.5
June,New Delhi,Adani Power Ltd.,1800,8.5
March,New Delhi,Orient Green,805,8.5
April,New Delhi,Tata Power Company Ltd.,843.75,8.5
May,New Delhi,Indowind Energy,1420,8.5
January,New Delhi,Orient Green,397,8.5
March,New Delhi,Reliance Energy,515,8.5
March,New Delhi,Indowind Energy,613.75,8.5
November,New Delhi,Adani Power Ltd.,345,8.5
August,New Delhi,Tata Power Company Ltd.,710.625,8.5
December,New Delhi,Tata Power Company Ltd.,608,8.5
April,New Delhi,Adani Power Ltd.,978.75,8.5
November,New Delhi,Tata Power Company Ltd.,547,8.5
August,New Delhi,Tata Power Company Ltd.,1087.5,8.5
April,New Delhi,Indowind Energy,740.625,8.5
June,New Delhi,Orient Green,1770,8.5
February,New Delhi,Reliance Energy,442,8.5
October,New Delhi,Orient Green,450,8.5
February,New Delhi,Indowind Energy,560,8.5
May,New Delhi,Indowind Energy,1635,8.5
June,New Delhi,Reliance Energy,2771.25,8.5
November,New Delhi,Adani Power Ltd.,802,8.5
May,New Delhi,Tata Power Company Ltd.,1590,8.5
June,New Delhi,Indowind Energy,2167.5,8.5
August,New Delhi,Orient Green,1361.25,8.5
September,New Delhi,Reliance Energy,970.5,8.5
December,New Delhi,Indowind Energy,392,8.5
May,New Delhi,Reliance Energy,1655,8.5
July,New Delhi,Indowind Energy,1736.25,8.5
June,New Delhi,Indowind Energy,2415,8.5
November,New Delhi,Indowind Energy,461,8.5
October,New Delhi,Adani Power Ltd.,351.25,8.5
February,New Delhi,Adani Power Ltd.,732,8.5
December,New Delhi,Indowind Energy,495,8.5
December,New Delhi,Tata Power Company Ltd.,360,8.5
June,New Delhi,Tata Power Company Ltd.,2010,8.5
December,New Delhi,Orient Green,482,8.5
January,New Delhi,Tata Power Company Ltd.,523,8.5
July,New Delhi,Reliance Energy,2070,8.5
December,New Delhi,Tata Power Company Ltd.,605,8.5
September,New Delhi,Adani Power Ltd.,1251,8.5
September,New Delhi,Tata Power Company Ltd.,501,8.5
November,New Delhi,Adani Power Ltd.,750,8.5
October,New Delhi,Orient Green,827.5,8.5
December,New Delhi,Indowind Energy,413,8.5
March,New Delhi,Adani Power Ltd.,810,8.5
March,New Delhi,Indowind Energy,616.25,8.5
December,New Delhi,Indowind Energy,597,8.5
October,New Delhi,Tata Power Company Ltd.,716.25,8.5
August,New Delhi,Indowind Energy,1106.25,8.5
July,New Delhi,Orient Green,1312.5,8.5
December,New Delhi,Tata Power Company Ltd.,340,8.5
July,New Delhi,Adani Power Ltd.,1481.25,8.5
November,New Delhi,Tata Power Company Ltd.,327,8.5
April,New Delhi,Reliance Energy,1003.125,8.5
May,New Delhi,Indowind Energy,1580,8.5
March,New Delhi,Adani Power Ltd.,513.75,8.5
September,New Delhi,Orient Green,717,8.5
February,New Delhi,Orient Green,330,8.5
October,New Delhi,Indowind Energy,466.25,8.5
November,New Delhi,Reliance Energy,604,8.5
June,New Delhi,Indowind Energy,2100,8.5
September,New Delhi,Indowind Energy,687,8.5
March,New Delhi,Reliance Energy,946.25,8.5
September,New Delhi,Reliance Energy,508.5,8.5
June,New Delhi,Indowind Energy,2107.5,8.5
September,New Delhi,Adani Power Ltd.,576,8.5
June,New Delhi,Tata Power Company Ltd.,1792.5,8.5
February,New Delhi,Tata Power Company Ltd.,713,8.5
March,New Delhi,Adani Power Ltd.,503.75,8.5
May,New Delhi,Reliance Energy,1410,8.5
October,New Delhi,Indowind Energy,465,8.5
November,New Delhi,Indowind Energy,590,8.5
December,New Delhi,Reliance Energy,455,8.5
October,New Delhi,Indowind Energy,505,8.5
July,New Delhi,Orient Green,2538.75,8.5
September,New Delhi,Tata Power Company Ltd.,718.5,8.5
March,New Delhi,Indowind Energy,755,8.5
August,New Delhi,Indowind Energy,1059.375,8.5
November,New Delhi,Orient Green,490,8.5
July,New Delhi,Adani Power Ltd.,1387.5,8.5
October,New Delhi,Reliance Energy,1467.5,8.5
November,New Delhi,Indowind Energy,1474,8.5
April,New Delhi,Indowind Energy,1875,8.5
October,New Delhi,Adani Power Ltd.,1362.5,8.5
August,New Delhi,Tata Power Company Ltd.,1413.75,8.5
February,New Delhi,Tata Power Company Ltd.,906,8.5
December,New Delhi,Tata Power Company Ltd.,1070,8.5
August,New Delhi,Reliance Energy,1766.25,8.5
April,New Delhi,Indowind Energy,1916.25,8.5
March,New Delhi,Reliance Energy,1325,8.5
January,New Delhi,Orient Green,622,8.5
November,New Delhi,Indowind Energy,988,8.5
September,New Delhi,Orient Green,1356,8.5
June,New Delhi,Orient Green,3517.5,8.5
June,New Delhi,Reliance Energy,4770,8.5
December,New Delhi,Orient Green,722,8.5
June,New Delhi,Indowind Energy,4612.5,8.5
August,New Delhi,Indowind Energy,1200,8.5
August,New Delhi,Indowind Energy,1991.25,8.5
May,New Delhi,Orient Green,3160,8.5
November,New Delhi,Adani Power Ltd.,1050,8.5
November,New Delhi,Tata Power Company Ltd.,1114,8.5
January,New Delhi,Orient Green,1308,8.5
June,New Delhi,Indowind Energy,4192.5,8.5
January,New Delhi,Orient Green,828,8.5
November,New Delhi,Indowind Energy,1036,8.5
June,New Delhi,Reliance Energy,3472.5,8.5
July,New Delhi,Adani Power Ltd.,4695,8.5
July,New Delhi,Tata Power Company Ltd.,3307.5,8.5
May,New Delhi,Orient Green,1335,8.5
February,New Delhi,Orient Green,1082,8.5
December,New Delhi,Tata Power Company Ltd.,1412,8.5
December,New Delhi,Reliance Energy,766,8.5
December,New Delhi,Tata Power Company Ltd.,1372,8.5
December,New Delhi,Tata Power Company Ltd.,758,8.5
February,New Delhi,Tata Power Company Ltd.,1296,8.5
November,New Delhi,Indowind Energy,1316,8.5
February,New Delhi,Adani Power Ltd.,1316,8.5
August,New Delhi,Tata Power Company Ltd.,2568.75,8.5
July,New Delhi,Reliance Energy,4800,8.5
March,New Delhi,Reliance Energy,905,8.5
February,New Delhi,Reliance Energy,1270,8.5
April,New Delhi,Reliance Energy,2152.5,8.5
November,New Delhi,Indowind Energy,994,8.5
June,New Delhi,Orient Green,3915,8.5
February,New Delhi,Adani Power Ltd.,710,8.5
February,New Delhi,Tata Power Company Ltd.,792,8.5
November,New Delhi,Adani Power Ltd.,884,8.5
March,New Delhi,Orient Green,1882.5,8.5
July,New Delhi,Orient Green,4590,8.5
January,New Delhi,Indowind Energy,1538,8.5
February,New Delhi,Tata Power Company Ltd.,764,8.5
October,New Delhi,Indowind Energy,2002.5,8.5
October,New Delhi,Reliance Energy,1457.5,8.5
January,New Delhi,Reliance Energy,878,8.5
January,New Delhi,Tata Power Company Ltd.,1240,8.5
May,New Delhi,Orient Green,3445,8.5
October,New Delhi,Adani Power Ltd.,1057.5,8.5
November,New Delhi,Indowind Energy,848,8.5
October,New Delhi,Reliance Energy,1525,8.5
May,New Delhi,Tata Power Company Ltd.,1750,8.5
November,New Delhi,Indowind Energy,472,8.5
April,New Delhi,Reliance Energy,2287.5,8.5
June,New Delhi,Adani Power Ltd.,4395,8.5
January,New Delhi,Orient Green,790,8.5
November,New Delhi,Adani Power Ltd.,802,8.5
February,New Delhi,Reliance Energy,1198,8.5
April,New Delhi,Indowind Energy,2325,8.5
November,New Delhi,Indowind Energy,840,8.5
August,New Delhi,Indowind Energy,1927.5,8.5
April,New Delhi,Reliance Energy,1226.25,8.5
October,New Delhi,Reliance Energy,1135,8.5
October,New Delhi,Adani Power Ltd.,1410,8.5
April,New Delhi,Tata Power Company Ltd.,1556.25,8.5
October,New Delhi,Orient Green,1535,8.5
November,New Delhi,Indowind Energy,966,8.5
July,New Delhi,Indowind Energy,3105,8.5
March,New Delhi,Indowind Energy,1277.5,8.5
May,New Delhi,Indowind Energy,2340,8.5
January,New Delhi,Adani Power Ltd.,1152,8.5
December,New Delhi,Orient Green,794,8.5
May,New Delhi,Indowind Energy,1760,8.5
October,New Delhi,Orient Green,1610,8.5
May,New Delhi,Indowind Energy,2360,8.5
January,New Delhi,Indowind Energy,914,8.5
January,New Delhi,Tata Power Company Ltd.,984,8.5
October,New Delhi,Orient Green,1355,8.5
June,New Delhi,Tata Power Company Ltd.,4545,8.5
July,New Delhi,Reliance Energy,5437.5,8.5
June,New Delhi,Orient Green,2812.5,8.5
June,New Delhi,Reliance Energy,4155,8.5
August,New Delhi,Orient Green,1398.75,8.5
November,New Delhi,Tata Power Company Ltd.,968,8.5
April,New Delhi,Orient Green,1541.25,8.5
May,New Delhi,Reliance Energy,3355,8.5
May,New Delhi,Reliance Energy,2145,8.5
July,New Delhi,Adani Power Ltd.,2970,8.5
September,New Delhi,Indowind Energy,2004,8.5
September,New Delhi,Reliance Energy,2076,8.5
March,New Delhi,Adani Power Ltd.,1077.5,8.5
March,New Delhi,Tata Power Company Ltd.,1312.5,8.5
August,New Delhi,Indowind Energy,1875,8.5
February,New Delhi,Adani Power Ltd.,1330,8.5
May,New Delhi,Indowind Energy,3845,8.5
June,New Delhi,Reliance Energy,3375,8.5
November,New Delhi,Orient Green,666,8.5
July,New Delhi,Tata Power Company Ltd.,3682.5,8.5
September,New Delhi,Adani Power Ltd.,1050,8.5
March,New Delhi,Tata Power Company Ltd.,1682.5,8.5
September,New Delhi,Reliance Energy,1704,8.5
October,New Delhi,Indowind Energy,1107.5,8.5
July,New Delhi,Reliance Energy,4290,8.5
May,New Delhi,Tata Power Company Ltd.,945,8.5
July,New Delhi,Orient Green,5070,8.5
June,New Delhi,Tata Power Company Ltd.,4800,8.5
April,New Delhi,Tata Power Company Ltd.,1545,8.5
July,New Delhi,Adani Power Ltd.,4035,8.5
June,New Delhi,Reliance Energy,5782.5,8.5
February,New Delhi,Orient Green,1182,8.5
November,New Delhi,Adani Power Ltd.,572,8.5
July,New Delhi,Adani Power Ltd.,3607.5,8.5
May,New Delhi,Orient Green,2705,8.5
May,New Delhi,Tata Power Company Ltd.,2550,8.5
February,New Delhi,Adani Power Ltd.,488,8.5
August,New Delhi,Adani Power Ltd.,2445,8.5
June,New Delhi,Tata Power Company Ltd.,4717.5,8.5
February,New Delhi,Orient Green,722,8.5
February,New Delhi,Tata Power Company Ltd.,832,8.5
April,New Delhi,Reliance Energy,1672.5,8.5
September,New Delhi,Tata Power Company Ltd.,1209,8.5
December,New Delhi,Indowind Energy,962,8.5
December,New Delhi,Tata Power Company Ltd.,1484,8.5
August,New Delhi,Adani Power Ltd.,1961.25,8.5
December,New Delhi,Adani Power Ltd.,1038,8.5
February,New Delhi,Indowind Energy,652,8.5
September,New Delhi,Orient Green,996,8.5
June,New Delhi,Adani Power Ltd.,3862.5,8.5
July,New Delhi,Orient Green,4057.5,8.5
January,New Delhi,Indowind Energy,1000,8.5
August,New Delhi,Adani Power Ltd.,1732.5,8.5
April,New Delhi,Tata Power Company Ltd.,1503.75,8.5
April,New Delhi,Tata Power Company Ltd.,2310,8.5
November,New Delhi,Tata Power Company Ltd.,1134,8.5
May,New Delhi,Orient Green,2505,8.5
November,New Delhi,Adani Power Ltd.,1256,8.5
July,New Delhi,Orient Green,4597.5,8.5
September,New Delhi,Adani Power Ltd.,1656,8.5
December,New Delhi,Reliance Energy,948,8.5
February,New Delhi,Indowind Energy,882,8.5
May,New Delhi,Orient Green,3135,8.5
July,New Delhi,Tata Power Company Ltd.,5775,8.5
August,New Delhi,Tata Power Company Ltd.,1440,8.5
February,New Delhi,Tata Power Company Ltd.,878,8.5
August,New Delhi,Orient Green,1826.25,8.5
September,New Delhi,Adani Power Ltd.,675,8.5
June,New Delhi,Indowind Energy,4800,8.5
September,New Delhi,Indowind Energy,2229,8.5
May,New Delhi,Orient Green,1625,8.5
November,New Delhi,Adani Power Ltd.,1160,8.5
September,New Delhi,Indowind Energy,1842,8.5
June,New Delhi,Indowind Energy,5677.5,8.5
October,New Delhi,Orient Green,477.5,8.5
April,New Delhi,Reliance Energy,1916.25,8.5
June,New Delhi,Tata Power Company Ltd.,3345,8.5
March,New Delhi,Reliance Energy,1542.5,8.5
February,New Delhi,Orient Green,702,8.5
August,New Delhi,Indowind Energy,1871.25,8.5
May,New Delhi,Reliance Energy,1890,8.5
April,New Delhi,Adani Power Ltd.,1488.75,8.5
November,New Delhi,Reliance Energy,996,8.5
February,New Delhi,Reliance Energy,898,8.5
November,New Delhi,Reliance Energy,1142,8.5
December,New Delhi,Tata Power Company Ltd.,1080,8.5
April,New Delhi,Tata Power Company Ltd.,2107.5,8.5
April,New Delhi,Orient Green,2362.5,8.5
October,New Delhi,Orient Green,1560,8.5
March,New Delhi,Orient Green,1425,8.5
November,New Delhi,Reliance Energy,1324,8.5
March,New Delhi,Reliance Energy,1550,8.5
November,New Delhi,Indowind Energy,968,8.5
September,New Delhi,Indowind Energy,915,8.5
January,New Delhi,Indowind Energy,1172,8.5
April,New Delhi,Indowind Energy,2587.5,8.5
October,New Delhi,Indowind Energy,945,8.5
October,New Delhi,Indowind Energy,1605,8.5
January,New Delhi,Orient Green,1044,8.5
October,New Delhi,Tata Power Company Ltd.,1727.5,8.5
May,New Delhi,Tata Power Company Ltd.,3315,8.5
March,New Delhi,Adani Power Ltd.,1790,8.5
April,New Delhi,Reliance Energy,1687.5,8.5
September,New Delhi,Tata Power Company Ltd.,1851,8.5
December,New Delhi,Adani Power Ltd.,984,8.5
January,New Delhi,Orient Green,1038,8.5
August,New Delhi,Tata Power Company Ltd.,2216.25,8.5
November,New Delhi,Orient Green,800,8.5
January,New Delhi,Reliance Energy,1288,8.5
August,New Delhi,Orient Green,2287.5,8.5
May,New Delhi,Adani Power Ltd.,3055,8.5
April,New Delhi,Tata Power Company Ltd.,2250,8.5
May,New Delhi,Orient Green,1680,8.5
April,New Delhi,Reliance Energy,1443.75,8.5
February,New Delhi,Orient Green,586,8.5
February,New Delhi,Indowind Energy,816,8.5
October,New Delhi,Reliance Energy,1762.5,8.5
December,New Delhi,Tata Power Company Ltd.,1262,8.5
May,New Delhi,Orient Green,2535,8.5
July,New Delhi,Indowind Energy,3622.5,8.5
February,New Delhi,Indowind Energy,786,8.5
January,New Delhi,Adani Power Ltd.,916,8.5
March,New Delhi,Adani Power Ltd.,1302.5,8.5
November,New Delhi,Adani Power Ltd.,1204,8.5
September,New Delhi,Adani Power Ltd.,1689,8.5
February,New Delhi,Orient Green,852,8.5
January,New Delhi,Tata Power Company Ltd.,1356,8.5
June,New Delhi,Adani Power Ltd.,5610,8.5
August,New Delhi,Indowind Energy,2002.5,8.5
December,New Delhi,Tata Power Company Ltd.,856,8.5
June,New Delhi,Reliance Energy,3345,8.5
May,New Delhi,Orient Green,2035,8.5
November,New Delhi,Indowind Energy,976,8.5
March,New Delhi,Reliance Energy,1620,8.5
April,New Delhi,Tata Power Company Ltd.,2115,8.5
June,New Delhi,Reliance Energy,4440,8.5
June,New Delhi,Adani Power Ltd.,2880,8.5
January,New Delhi,Tata Power Company Ltd.,1232,8.5
July,New Delhi,Adani Power Ltd.,3607.5,8.5
March,New Delhi,Reliance Energy,1485,8.5
November,New Delhi,Indowind Energy,1234,8.5
April,New Delhi,Indowind Energy,1616.25,8.5
April,New Delhi,Indowind Energy,2220,8.5
April,New Delhi,Reliance Energy,1578.75,8.5
December,New Delhi,Orient Green,1032,8.5
February,New Delhi,Orient Green,630,8.5
November,New Delhi,Tata Power Company Ltd.,1152,8.5
August,New Delhi,Adani Power Ltd.,2295,8.5
February,New Delhi,Reliance Energy,786,8.5
May,New Delhi,Reliance Energy,765,8.5
January,New Delhi,Adani Power Ltd.,1104,8.5
October,New Delhi,Tata Power Company Ltd.,1842.5,8.5
June,New Delhi,Tata Power Company Ltd.,3525,8.5
March,New Delhi,Indowind Energy,1062.5,8.5
January,New Delhi,Tata Power Company Ltd.,786,8.5
November,New Delhi,Indowind Energy,978,8.5
May,New Delhi,Reliance Energy,2950,8.5
July,New Delhi,Reliance Energy,4717.5,8.5
June,New Delhi,Reliance Energy,2940,8.5
July,New Delhi,Adani Power Ltd.,6187.5,8.5
September,New Delhi,Adani Power Ltd.,1521,8.5
November,New Delhi,Reliance Energy,1350,8.5
May,New Delhi,Orient Green,2945,8.5
May,New Delhi,Indowind Energy,2070,8.5
June,New Delhi,Indowind Energy,3510,8.5
May,New Delhi,Adani Power Ltd.,1970,8.5
July,New Delhi,Reliance Energy,3450,8.5
August,New Delhi,Orient Green,1916.25,8.5
April,New Delhi,Orient Green,2137.5,8.5
May,New Delhi,Tata Power Company Ltd.,2230,8.5
May,New Delhi,Orient Green,2455,8.5
September,New Delhi,Reliance Energy,1911,8.5
December,New Delhi,Indowind Energy,1028,8.5
May,New Delhi,Indowind Energy,1850,8.5
September,New Delhi,Tata Power Company Ltd.,2094,8.5
April,New Delhi,Orient Green,1987.5,8.5
October,New Delhi,Orient Green,1562.5,8.5
August,New Delhi,Tata Power Company Ltd.,1511.25,8.5
January,New Delhi,Reliance Energy,1388,8.5
October,New Delhi,Indowind Energy,1545,8.5
February,New Delhi,Orient Green,960,8.5
June,New Delhi,Reliance Energy,4222.5,8.5
November,New Delhi,Indowind Energy,624,8.5
October,New Delhi,Tata Power Company Ltd.,1850,8.5
December,New Delhi,Tata Power Company Ltd.,1114,8.5
December,New Delhi,Indowind Energy,958,8.5
August,New Delhi,Orient Green,1991.25,8.5
April,New Delhi,Adani Power Ltd.,1721.25,8.5
June,New Delhi,Orient Green,3412.5,8.5
September,New Delhi,Tata Power Company Ltd.,1212,8.5
November,New Delhi,Adani Power Ltd.,702,8.5
April,New Delhi,Orient Green,1320,8.5
July,New Delhi,Reliance Energy,3045,8.5
March,New Delhi,Orient Green,1907.5,8.5
November,New Delhi,Adani Power Ltd.,984,8.5
January,New Delhi,Adani Power Ltd.,680,8.5
January,New Delhi,Reliance Energy,1426,8.5
March,New Delhi,Orient Green,1147.5,8.5
October,New Delhi,Adani Power Ltd.,1100,8.5
October,New Delhi,Orient Green,935,8.5
November,New Delhi,Orient Green,762,8.5
February,New Delhi,Reliance Energy,1026,8.5
September,New Delhi,Adani Power Ltd.,1953,8.5
June,New Delhi,Adani Power Ltd.,2677.5,8.5
August,New Delhi,Indowind Energy,1500,8.5
August,New Delhi,Orient Green,2040,8.5
September,New Delhi,Indowind Energy,1974,8.5
April,New Delhi,Tata Power Company Ltd.,1590,8.5
June,New Delhi,Orient Green,4425,8.5
May,New Delhi,Tata Power Company Ltd.,1780,8.5
February,New Delhi,Orient Green,962,8.5
August,New Delhi,Reliance Energy,1623.75,8.5
April,New Delhi,Reliance Energy,2336.25,8.5
June,New Delhi,Indowind Energy,4965,8.5
January,New Delhi,Reliance Energy,1376,8.5
September,New Delhi,Reliance Energy,1416,8.5
February,New Delhi,Orient Green,862,8.5
October,New Delhi,Tata Power Company Ltd.,870,8.5
January,New Delhi,Reliance Energy,1556,8.5
November,New Delhi,Indowind Energy,680,8.5
August,New Delhi,Reliance Energy,1845,8.5
September,New Delhi,Indowind Energy,1443,8.5
September,New Delhi,Indowind Energy,1284,8.5
August,New Delhi,Reliance Energy,1526.25,8.5
November,New Delhi,Tata Power Company Ltd.,1046,8.5
August,New Delhi,Indowind Energy,2231.25,8.5
February,New Delhi,Orient Green,1144,8.5
February,Noida,Orient Green,592.32,8.2
January,Noida,Indowind Energy,584.64,8.2
July,Noida,Reliance Energy,2721.6,8.2
February,Noida,Indowind Energy,501.12,8.2
April,Noida,Tata Power Company Ltd.,1144.8,8.2
October,Noida,Orient Green,652.8,8.2
December,Noida,Tata Power Company Ltd.,542.4,8.2
April,Noida,Tata Power Company Ltd.,581.4,8.2
June,Noida,Adani Power Ltd.,1198.8,8.2
September,Noida,Reliance Energy,604.8,8.2
January,Noida,Tata Power Company Ltd.,405.12,8.2
February,Noida,Adani Power Ltd.,385.92,8.2
April,Noida,Reliance Energy,448.2,8.2
October,Noida,Indowind Energy,308.4,8.2
July,Noida,Orient Green,1803.6,8.2
November,Noida,Adani Power Ltd.,616.32,8.2
February,Noida,Reliance Energy,482.88,8.2
September,Noida,Reliance Energy,864,8.2
April,Noida,Tata Power Company Ltd.,928.8,8.2
December,Noida,Orient Green,414.72,8.2
May,Noida,Adani Power Ltd.,1017.6,8.2
May,Noida,Adani Power Ltd.,744,8.2
August,Noida,Reliance Energy,711,8.2
October,Noida,Orient Green,625.2,8.2
February,Noida,Adani Power Ltd.,580.8,8.2
February,Noida,Adani Power Ltd.,383.04,8.2
March,Noida,Indowind Energy,962.4,8.2
October,Noida,Reliance Energy,745.2,8.2
February,Noida,Adani Power Ltd.,425.28,8.2
June,Noida,Orient Green,2131.2,8.2
February,Noida,Reliance Energy,691.2,8.2
June,Noida,Tata Power Company Ltd.,1652.4,8.2
March,Noida,Reliance Energy,924,8.2
September,Noida,Tata Power Company Ltd.,931.68,8.2
September,Noida,Tata Power Company Ltd.,640.8,8.2
March,Noida,Indowind Energy,266.4,8.2
June,Noida,Indowind Energy,1681.2,8.2
August,Noida,Tata Power Company Ltd.,651.6,8.2
October,Noida,Indowind Energy,573.6,8.2
January,Noida,Reliance Energy,454.08,8.2
June,Noida,Orient Green,2322,8.2
January,Noida,Tata Power Company Ltd.,231.36,8.2
January,Noida,Orient Green,497.28,8.2
July,Noida,Indowind Energy,2044.8,8.2
February,Noida,Tata Power Company Ltd.,455.04,8.2
June,Noida,Tata Power Company Ltd.,1731.6,8.2
March,Noida,Tata Power Company Ltd.,476.4,8.2
April,Noida,Adani Power Ltd.,819,8.2
January,Noida,Adani Power Ltd.,768,8.2
May,Noida,Adani Power Ltd.,1092,8.2
October,Noida,Adani Power Ltd.,656.4,8.2
August,Noida,Reliance Energy,1008,8.2
October,Noida,Tata Power Company Ltd.,698.4,8.2
April,Noida,Indowind Energy,687.6,8.2
March,Noida,Indowind Energy,766.8,8.2
August,Noida,Orient Green,1078.2,8.2
August,Noida,Tata Power Company Ltd.,1206,8.2
May,Noida,Indowind Energy,1118.4,8.2
May,Noida,Tata Power Company Ltd.,868.8,8.2
August,Noida,Indowind Energy,932.4,8.2
May,Noida,Tata Power Company Ltd.,1344,8.2
August,Noida,Adani Power Ltd.,784.8,8.2
January,Noida,Reliance Energy,589.44,8.2
December,Noida,Orient Green,325.44,8.2
July,Noida,Indowind Energy,1800,8.2
May,Noida,Indowind Energy,1348.8,8.2
April,Noida,Adani Power Ltd.,698.4,8.2
March,Noida,Tata Power Company Ltd.,266.4,8.2
June,Noida,Indowind Energy,1443.6,8.2
September,Noida,Indowind Energy,714.24,8.2
February,Noida,Orient Green,517.44,8.2
March,Noida,Indowind Energy,597.6,8.2
December,Noida,Adani Power Ltd.,801.6,8.2
February,Noida,Tata Power Company Ltd.,443.52,8.2
March,Noida,Orient Green,591.6,8.2
June,Noida,Adani Power Ltd.,1490.4,8.2
June,Noida,Tata Power Company Ltd.,1864.8,8.2
September,Noida,Indowind Energy,820.8,8.2
August,Noida,Indowind Energy,1121.4,8.2
February,Noida,Adani Power Ltd.,609.6,8.2
February,Noida,Reliance Energy,586.56,8.2
March,Noida,Indowind Energy,700.8,8.2
March,Noida,Reliance Energy,764.4,8.2
October,Noida,Tata Power Company Ltd.,812.4,8.2
April,Noida,Adani Power Ltd.,880.2,8.2
December,Noida,Indowind Energy,468.48,8.2
August,Noida,Tata Power Company Ltd.,714.6,8.2
December,Noida,Tata Power Company Ltd.,513.6,8.2
April,Noida,Tata Power Company Ltd.,1067.4,8.2
August,Noida,Orient Green,959.4,8.2
May,Noida,Indowind Energy,1135.2,8.2
August,Noida,Tata Power Company Ltd.,941.4,8.2
June,Noida,Adani Power Ltd.,1972.8,8.2
May,Noida,Orient Green,1116,8.2
April,Noida,Adani Power Ltd.,943.2,8.2
July,Noida,Orient Green,1195.2,8.2
February,Noida,Indowind Energy,465.6,8.2
October,Noida,Indowind Energy,510,8.2
December,Noida,Tata Power Company Ltd.,624,8.2
May,Noida,Indowind Energy,1293.6,8.2
December,Noida,Indowind Energy,597.12,8.2
April,Noida,Tata Power Company Ltd.,977.4,8.2
February,Noida,Reliance Energy,579.84,8.2
August,Noida,Orient Green,1006.2,8.2
April,Noida,Reliance Energy,1110.6,8.2
December,Noida,Adani Power Ltd.,573.12,8.2
March,Noida,Indowind Energy,294,8.2
October,Noida,Reliance Energy,782.4,8.2
March,Noida,Reliance Energy,714,8.2
June,Noida,Adani Power Ltd.,2430,8.2
June,Noida,Adani Power Ltd.,799.2,8.2
September,Noida,Tata Power Company Ltd.,743.04,8.2
December,Noida,Adani Power Ltd.,459.84,8.2
September,Noida,Reliance Energy,730.08,8.2
February,Noida,Orient Green,539.52,8.2
September,Noida,Indowind Energy,845.28,8.2
January,Noida,Reliance Energy,390.72,8.2
July,Noida,Orient Green,1368,8.2
November,Noida,Orient Green,455.04,8.2
April,Noida,Orient Green,1116,8.2
February,Noida,Orient Green,658.56,8.2
March,Noida,Tata Power Company Ltd.,559.2,8.2
June,Noida,Adani Power Ltd.,1083.6,8.2
July,Noida,Tata Power Company Ltd.,1591.2,8.2
February,Noida,Adani Power Ltd.,319.68,8.2
November,Noida,Indowind Energy,286.08,8.2
January,Noida,Reliance Energy,250.56,8.2
December,Noida,Tata Power Company Ltd.,510.72,8.2
October,Noida,Adani Power Ltd.,337.2,8.2
August,Noida,Tata Power Company Ltd.,1062,8.2
July,Noida,Indowind Energy,2300.4,8.2
July,Noida,Orient Green,1933.2,8.2
January,Noida,Tata Power Company Ltd.,459.84,8.2
January,Noida,Orient Green,533.76,8.2
April,Noida,Reliance Energy,934.2,8.2
May,Noida,Orient Green,1010.4,8.2
May,Noida,Tata Power Company Ltd.,1797.6,8.2
November,Noida,Tata Power Company Ltd.,393.6,8.2
October,Noida,Adani Power Ltd.,668.4,8.2
December,Noida,Indowind Energy,452.16,8.2
October,Noida,Tata Power Company Ltd.,705.6,8.2
January,Noida,Indowind Energy,513.6,8.2
March,Noida,Tata Power Company Ltd.,670.8,8.2
September,Noida,Adani Power Ltd.,720,8.2
September,Noida,Reliance Energy,1036.8,8.2
August,Noida,Reliance Energy,1393.2,8.2
October,Noida,Orient Green,1399.2,8.2
May,Noida,Reliance Energy,2102.4,8.2
October,Noida,Adani Power Ltd.,1077.6,8.2
June,Noida,Tata Power Company Ltd.,2023.2,8.2
January,Noida,Tata Power Company Ltd.,1125.12,8.2
July,Noida,Orient Green,4644,8.2
January,Noida,Adani Power Ltd.,1213.44,8.2
August,Noida,Tata Power Company Ltd.,2512.8,8.2
February,Noida,Reliance Energy,1178.88,8.2
October,Noida,Orient Green,1629.6,8.2
December,Noida,Adani Power Ltd.,624,8.2
March,Noida,Tata Power Company Ltd.,1262.4,8.2
August,Noida,Tata Power Company Ltd.,1591.2,8.2
September,Noida,Adani Power Ltd.,1537.92,8.2
June,Noida,Orient Green,3564,8.2
February,Noida,Adani Power Ltd.,1092.48,8.2
January,Noida,Orient Green,971.52,8.2
January,Noida,Adani Power Ltd.,829.44,8.2
May,Noida,Tata Power Company Ltd.,3460.8,8.2
June,Noida,Reliance Energy,3880.8,8.2
June,Noida,Indowind Energy,4471.2,8.2
March,Noida,Orient Green,1461.6,8.2
June,Noida,Adani Power Ltd.,2268,8.2
July,Noida,Adani Power Ltd.,5004,8.2
May,Noida,Adani Power Ltd.,3182.4,8.2
April,Noida,Reliance Energy,1544.4,8.2
December,Noida,Indowind Energy,1059.84,8.2
February,Noida,Orient Green,1050.24,8.2
June,Noida,Adani Power Ltd.,3448.8,8.2
January,Noida,Indowind Energy,725.76,8.2
August,Noida,Reliance Energy,1047.6,8.2
November,Noida,Reliance Energy,1088.64,8.2
August,Noida,Adani Power Ltd.,1569.6,8.2
February,Noida,Tata Power Company Ltd.,756.48,8.2
January,Noida,Indowind Energy,1144.32,8.2
December,Noida,Tata Power Company Ltd.,902.4,8.2
June,Noida,Orient Green,2728.8,8.2
April,Noida,Adani Power Ltd.,1418.4,8.2
July,Noida,Indowind Energy,3945.6,8.2
December,Noida,Adani Power Ltd.,1077.12,8.2
June,Noida,Adani Power Ltd.,5508,8.2
July,Noida,Adani Power Ltd.,4262.4,8.2
July,Noida,Indowind Energy,5342.4,8.2
March,Noida,Indowind Energy,1507.2,8.2
April,Noida,Indowind Energy,2376,8.2
February,Noida,Indowind Energy,1307.52,8.2
April,Noida,Tata Power Company Ltd.,2329.2,8.2
June,Noida,Tata Power Company Ltd.,2606.4,8.2
February,Noida,Adani Power Ltd.,1017.6,8.2
January,Noida,Tata Power Company Ltd.,1092.48,8.2
May,Noida,Reliance Energy,3408,8.2
April,Noida,Indowind Energy,1281.6,8.2
April,Noida,Adani Power Ltd.,2235.6,8.2
August,Noida,Adani Power Ltd.,1508.4,8.2
June,Noida,Orient Green,3981.6,8.2
November,Noida,Tata Power Company Ltd.,983.04,8.2
April,Noida,Tata Power Company Ltd.,1728,8.2
February,Noida,Orient Green,946.56,8.2
August,Noida,Reliance Energy,2793.6,8.2
June,Noida,Orient Green,2534.4,8.2
January,Noida,Tata Power Company Ltd.,624,8.2
January,Noida,Adani Power Ltd.,842.88,8.2
April,Noida,Tata Power Company Ltd.,2062.8,8.2
July,Noida,Reliance Energy,3844.8,8.2
April,Noida,Orient Green,2127.6,8.2
June,Noida,Reliance Energy,4089.6,8.2
January,Noida,Tata Power Company Ltd.,512.64,8.2
November,Noida,Reliance Energy,1153.92,8.2
August,Noida,Reliance Energy,1926,8.2
February,Noida,Reliance Energy,1023.36,8.2
November,Noida,Adani Power Ltd.,1317.12,8.2
July,Noida,Indowind Energy,3988.8,8.2
December,Noida,Tata Power Company Ltd.,902.4,8.2
January,Noida,Reliance Energy,1351.68,8.2
October,Noida,Orient Green,928.8,8.2
July,Noida,Tata Power Company Ltd.,3304.8,8.2
December,Noida,Adani Power Ltd.,915.84,8.2
July,Noida,Orient Green,4363.2,8.2
June,Noida,Indowind Energy,4816.8,8.2
June,Noida,Indowind Energy,2901.6,8.2
September,Noida,Orient Green,1825.92,8.2
January,Noida,Orient Green,1226.88,8.2
October,Noida,Orient Green,1617.6,8.2
April,Noida,Adani Power Ltd.,1803.6,8.2
December,Noida,Reliance Energy,568.32,8.2
April,Noida,Adani Power Ltd.,1728,8.2
July,Noida,Indowind Energy,4377.6,8.2
May,Noida,Indowind Energy,2793.6,8.2
July,Noida,Adani Power Ltd.,5018.4,8.2
December,Noida,Indowind Energy,1232.64,8.2
September,Noida,Orient Green,1897.92,8.2
March,Noida,Tata Power Company Ltd.,1156.8,8.2
January,Noida,Adani Power Ltd.,1326.72,8.2
September,Noida,Indowind Energy,1575.36,8.2
December,Noida,Reliance Energy,814.08,8.2
December,Noida,Orient Green,1088.64,8.2
January,Noida,Adani Power Ltd.,875.52,8.2
August,Noida,Adani Power Ltd.,2674.8,8.2
December,Noida,Adani Power Ltd.,971.52,8.2
January,Noida,Orient Green,1249.92,8.2
August,Noida,Orient Green,1976.4,8.2
July,Noida,Reliance Energy,3823.2,8.2
August,Noida,Orient Green,1404,8.2
December,Noida,Adani Power Ltd.,1113.6,8.2
August,Noida,Orient Green,1180.8,8.2
June,Noida,Tata Power Company Ltd.,2217.6,8.2
February,Noida,Adani Power Ltd.,1059.84,8.2
May,Noida,Indowind Energy,2217.6,8.2
April,Noida,Reliance Energy,1324.8,8.2
February,Noida,Reliance Energy,704.64,8.2
November,Noida,Tata Power Company Ltd.,946.56,8.2
July,Noida,Adani Power Ltd.,4723.2,8.2
July,Noida,Reliance Energy,3319.2,8.2
September,Noida,Tata Power Company Ltd.,1126.08,8.2
July,Noida,Reliance Energy,3945.6,8.2
July,Noida,Orient Green,3729.6,8.2
May,Noida,Indowind Energy,3254.4,8.2
August,Noida,Reliance Energy,1227.6,8.2
August,Noida,Adani Power Ltd.,1414.8,8.2
May,Noida,Adani Power Ltd.,3216,8.2
November,Noida,Indowind Energy,867.84,8.2
January,Noida,Tata Power Company Ltd.,710.4,8.2
April,Noida,Indowind Energy,1616.4,8.2
July,Noida,Tata Power Company Ltd.,4219.2,8.2
January,Noida,Tata Power Company Ltd.,729.6,8.2
January,Noida,Orient Green,816,8.2
March,Noida,Tata Power Company Ltd.,1435.2,8.2
December,Noida,Tata Power Company Ltd.,602.88,8.2
May,Noida,Orient Green,2462.4,8.2
November,Noida,Tata Power Company Ltd.,1059.84,8.2
August,Noida,Reliance Energy,2383.2,8.2
July,Noida,Tata Power Company Ltd.,4737.6,8.2
February,Noida,Orient Green,817.92,8.2
September,Noida,Indowind Energy,1347.84,8.2
February,Noida,Indowind Energy,723.84,8.2
April,Noida,Indowind Energy,1796.4,8.2
August,Noida,Indowind Energy,2613.6,8.2
August,Noida,Tata Power Company Ltd.,2217.6,8.2
September,Noida,Indowind Energy,1200.96,8.2
January,Noida,Orient Green,1340.16,8.2
January,Noida,Tata Power Company Ltd.,1079.04,8.2
May,Noida,Tata Power Company Ltd.,2740.8,8.2
September,Noida,Adani Power Ltd.,1535.04,8.2
August,Noida,Tata Power Company Ltd.,2152.8,8.2
August,Noida,Tata Power Company Ltd.,2624.4,8.2
July,Noida,Orient Green,4881.6,8.2
March,Noida,Indowind Energy,1543.2,8.2
August,Noida,Adani Power Ltd.,2192.4,8.2
November,Noida,Tata Power Company Ltd.,885.12,8.2
April,Noida,Tata Power Company Ltd.,2178,8.2
November,Noida,Reliance Energy,1100.16,8.2
July,Noida,Orient Green,5443.2,8.2
March,Noida,Tata Power Company Ltd.,1447.2,8.2
October,Noida,Adani Power Ltd.,1245.6,8.2
October,Noida,Indowind Energy,1418.4,8.2
March,Noida,Adani Power Ltd.,1699.2,8.2
February,Noida,Orient Green,892.8,8.2
August,Noida,Tata Power Company Ltd.,1404,8.2
August,Noida,Indowind Energy,1501.2,8.2
January,Noida,Orient Green,1201.92,8.2
March,Noida,Orient Green,1128,8.2
January,Noida,Tata Power Company Ltd.,579.84,8.2
June,Noida,Reliance Energy,3751.2,8.2
March,Noida,Adani Power Ltd.,1104,8.2
December,Noida,Indowind Energy,1061.76,8.2
August,Noida,Reliance Energy,1785.6,8.2
June,Noida,Orient Green,4168.8,8.2
March,Noida,Adani Power Ltd.,1190.4,8.2
August,Noida,Tata Power Company Ltd.,1857.6,8.2
July,Noida,Indowind Energy,3304.8,8.2
May,Noida,Indowind Energy,1905.6,8.2
September,Noida,Tata Power Company Ltd.,1500.48,8.2
March,Noida,Reliance Energy,1368,8.2
November,Noida,Orient Green,1059.84,8.2
March,Noida,Indowind Energy,986.4,8.2
September,Noida,Indowind Energy,1756.8,8.2
September,Noida,Reliance Energy,1344.96,8.2
December,Noida,Reliance Energy,1113.6,8.2
December,Noida,Adani Power Ltd.,929.28,8.2
July,Noida,Reliance Energy,3916.8,8.2
March,Noida,Reliance Energy,1435.2,8.2
May,Noida,Indowind Energy,2707.2,8.2
January,Noida,Tata Power Company Ltd.,854.4,8.2
June,Noida,Indowind Energy,4946.4,8.2
May,Noida,Orient Green,2068.8,8.2
September,Noida,Adani Power Ltd.,1704.96,8.2
July,Noida,Indowind Energy,4644,8.2
January,Noida,Indowind Energy,839.04,8.2
October,Noida,Adani Power Ltd.,1305.6,8.2
March,Noida,Orient Green,1288.8,8.2
January,Noida,Tata Power Company Ltd.,497.28,8.2
March,Noida,Adani Power Ltd.,1584,8.2
April,Noida,Orient Green,2523.6,8.2
March,Noida,Indowind Energy,1000.8,8.2
November,Noida,Reliance Energy,1401.6,8.2
June,Noida,Orient Green,4795.2,8.2
April,Noida,Tata Power Company Ltd.,2642.4,8.2
July,Noida,Indowind Energy,4255.2,8.2
December,Noida,Indowind Energy,1311.36,8.2
December,Noida,Tata Power Company Ltd.,1223.04,8.2
April,Noida,Adani Power Ltd.,2473.2,8.2
November,Noida,Tata Power Company Ltd.,1338.24,8.2
October,Noida,Adani Power Ltd.,842.4,8.2
March,Noida,Indowind Energy,1416,8.2
December,Noida,Tata Power Company Ltd.,597.12,8.2
May,Noida,Tata Power Company Ltd.,2918.4,8.2
February,Noida,Orient Green,1088.64,8.2
October,Noida,Adani Power Ltd.,1171.2,8.2
July,Noida,Tata Power Company Ltd.,4557.6,8.2
February,Noida,Tata Power Company Ltd.,1104,8.2
January,Noida,Reliance Energy,1351.68,8.2
June,Noida,Reliance Energy,3592.8,8.2
May,Noida,Reliance Energy,3446.4,8.2
March,Noida,Adani Power Ltd.,1116,8.2
January,Noida,Orient Green,1430.4,8.2
July,Noida,Reliance Energy,3686.4,8.2
September,Noida,Orient Green,1100.16,8.2
May,Noida,Reliance Energy,2601.6,8.2
February,Noida,Orient Green,666.24,8.2
April,Noida,Indowind Energy,2340,8.2
May,Noida,Orient Green,2376,8.2
October,Noida,Orient Green,662.4,8.2
February,Noida,Indowind Energy,1311.36,8.2
November,Noida,Orient Green,1167.36,8.2
November,Noida,Indowind Energy,954.24,8.2
December,Noida,Reliance Energy,1054.08,8.2
April,Noida,Reliance Energy,1425.6,8.2
September,Noida,Tata Power Company Ltd.,1224,8.2
April,Noida,Tata Power Company Ltd.,2192.4,8.2
September,Noida,Orient Green,1339.2,8.2
July,Noida,Indowind Energy,4917.6,8.2
February,Noida,Reliance Energy,938.88,8.2
September,Noida,Indowind Energy,1163.52,8.2
December,Noida,Tata Power Company Ltd.,900.48,8.2
September,Noida,Adani Power Ltd.,1344.96,8.2
June,Noida,Indowind Energy,5068.8,8.2
July,Noida,Tata Power Company Ltd.,4399.2,8.2
January,Noida,Reliance Energy,1215.36,8.2
June,Noida,Orient Green,3542.4,8.2
May,Noida,Tata Power Company Ltd.,2011.2,8.2
October,Noida,Orient Green,1804.8,8.2
January,Noida,Orient Green,1221.12,8.2
February,Noida,Tata Power Company Ltd.,960,8.2
May,Noida,Tata Power Company Ltd.,2899.2,8.2
February,Noida,Indowind Energy,892.8,8.2
March,Noida,Indowind Energy,1512,8.2
March,Noida,Adani Power Ltd.,1773.6,8.2
June,Noida,Tata Power Company Ltd.,3636,8.2
January,Noida,Orient Green,1113.6,8.2
October,Noida,Reliance Energy,1677.6,8.2
October,Noida,Orient Green,1377.6,8.2
June,Noida,Adani Power Ltd.,3844.8,8.2
February,Noida,Adani Power Ltd.,416.64,8.2
February,Noida,Orient Green,677.76,8.2
December,Noida,Adani Power Ltd.,816,8.2
April,Noida,Reliance Energy,1645.2,8.2
September,Noida,Adani Power Ltd.,1584,8.2
May,Noida,Tata Power Company Ltd.,1660.8,8.2
January,Noida,Tata Power Company Ltd.,1088.64,8.2
November,Noida,Tata Power Company Ltd.,1207.68,8.2
July,Noida,Indowind Energy,4536,8.2
November,Noida,Reliance Energy,704.64,8.2
October,Noida,Orient Green,1408.8,8.2
June,Noida,Orient Green,2347.2,8.2
December,Noida,Adani Power Ltd.,1132.8,8.2
August,Noida,Reliance Energy,1843.2,8.2
December,Noida,Adani Power Ltd.,1198.08,8.2
June,Noida,Reliance Energy,3758.4,8.2
October,Noida,Indowind Energy,1144.8,8.2
March,Noida,Adani Power Ltd.,1327.2,8.2
January,Noida,Tata Power Company Ltd.,1152,8.2
February,Noida,Indowind Energy,913.92,8.2
November,Noida,Adani Power Ltd.,693.12,8.2
March,Noida,Adani Power Ltd.,1579.2,8.2
November,Noida,Adani Power Ltd.,984.96,8.2
April,Noida,Reliance Energy,1832.4,8.2
March,Noida,Orient Green,1303.2,8.2
March,Noida,Reliance Energy,960,8.2
September,Noida,Adani Power Ltd.,1396.8,8.2
August,Noida,Reliance Energy,1969.2,8.2
August,Noida,Reliance Energy,1274.4,8.2
March,Noida,Orient Green,1512,8.2
March,Noida,Reliance Energy,936,8.2
March,Noida,Adani Power Ltd.,1584,8.2
October,Noida,Tata Power Company Ltd.,1471.2,8.2
November,Noida,Orient Green,668.16,8.2
March,Noida,Reliance Energy,1557.6,8.2
August,Noida,Tata Power Company Ltd.,1519.2,8.2
December,Noida,Tata Power Company Ltd.,961.92,8.2
April,Noida,Orient Green,2332.8,8.2
March,Noida,Tata Power Company Ltd.,1017.6,8.2
February,Noida,Indowind Energy,1232.64,8.2
July,Noida,Tata Power Company Ltd.,4010.4,8.2
May,Noida,Reliance Energy,2284.8,8.2
October,Noida,Indowind Energy,1408.8,8.2
November,Noida,Indowind Energy,741.12,8.2
May,Noida,Orient Green,2995.2,8.2
October,Noida,Reliance Energy,1082.4,8.2
June,Noida,Tata Power Company Ltd.,4514.4,8.2
December,Noida,Reliance Energy,1034.88,8.2
March,Noida,Orient Green,1929.6,8.2
July,Noida,Indowind Energy,3924,8.2
July,Noida,Reliance Energy,3405.6,8.2
March,Noida,Tata Power Company Ltd.,1699.2,8.2
July,Noida,Adani Power Ltd.,4989.6,8.2
June,Noida,Adani Power Ltd.,3362.4,8.2
December,Noida,Tata Power Company Ltd.,944.64,8.2
February,Noida,Reliance Energy,927.36,8.2
June,Noida,Indowind Energy,3103.2,8.2
January,Noida,Orient Green,1088.64,8.2
November,Noida,Indowind Energy,969.6,8.2
December,Noida,Indowind Energy,938.88,8.2
July,Noida,Tata Power Company Ltd.,3607.2,8.2
December,Noida,Indowind Energy,1042.56,8.2
February,Noida,Orient Green,883.2,8.2
September,Noida,Adani Power Ltd.,1477.44,8.2
July,Noida,Orient Green,4276.8,8.2
August,Noida,Orient Green,2041.2,8.2
September,Noida,Reliance Energy,1103.04,8.2
December,Noida,Orient Green,1121.28,8.2
November,Noida,Orient Green,1054.08,8.2
November,Noida,Reliance Energy,921.6,8.2
August,Noida,Indowind Energy,1731.6,8.2
March,Noida,Adani Power Ltd.,1399.2,8.2
May,Noida,Orient Green,2980.8,8.2
January,Noida,Orient Green,1169.28,8.2
December,Noida,Tata Power Company Ltd.,858.24,8.2
April,Pune,Tata Power Company Ltd.,653.4,9.1
November,Pune,Reliance Energy,170.72,9.1
October,Pune,Reliance Energy,248.05,9.1
February,Pune,Reliance Energy,161.04,9.1
April,Pune,Orient Green,519.75,9.1
October,Pune,Orient Green,227.15,9.1
September,Pune,Tata Power Company Ltd.,384.78,9.1
June,Pune,Indowind Energy,988.35,9.1
July,Pune,Adani Power Ltd.,912.45,9.1
October,Pune,Adani Power Ltd.,288.2,9.1
January,Pune,Tata Power Company Ltd.,271.92,9.1
August,Pune,Orient Green,440.55,9.1
June,Pune,Indowind Energy,925.65,9.1
October,Pune,Orient Green,337.15,9.1
June,Pune,Reliance Energy,620.4,9.1
December,Pune,Indowind Energy,291.72,9.1
February,Pune,Tata Power Company Ltd.,194.04,9.1
January,Pune,Orient Green,199.32,9.1
June,Pune,Adani Power Ltd.,945.45,9.1
January,Pune,Reliance Energy,189.64,9.1
June,Pune,Tata Power Company Ltd.,661.65,9.1
August,Pune,Orient Green,440.55,9.1
October,Pune,Adani Power Ltd.,277.75,9.1
June,Pune,Adani Power Ltd.,1056,9.1
November,Pune,Indowind Energy,208.56,9.1
May,Pune,Adani Power Ltd.,782.1,9.1
October,Pune,Adani Power Ltd.,153.45,9.1
July,Pune,Orient Green,990,9.1
March,Pune,Orient Green,288.2,9.1
September,Pune,Adani Power Ltd.,443.52,9.1
January,Pune,Tata Power Company Ltd.,237.6,9.1
December,Pune,Tata Power Company Ltd.,195.36,9.1
August,Pune,Indowind Energy,409.2,9.1
April,Pune,Tata Power Company Ltd.,358.875,9.1
November,Pune,Orient Green,187.44,9.1
March,Pune,Adani Power Ltd.,298.1,9.1
January,Pune,Orient Green,321.64,9.1
January,Pune,Adani Power Ltd.,293.48,9.1
April,Pune,Adani Power Ltd.,702.9,9.1
December,Pune,Orient Green,294.8,9.1
March,Pune,Reliance Energy,218.35,9.1
December,Pune,Reliance Energy,264.88,9.1
March,Pune,Adani Power Ltd.,177.65,9.1
August,Pune,Tata Power Company Ltd.,373.725,9.1
March,Pune,Orient Green,305.8,9.1
May,Pune,Indowind Energy,581.9,9.1
November,Pune,Reliance Energy,268.4,9.1
October,Pune,Tata Power Company Ltd.,183.7,9.1
July,Pune,Orient Green,917.4,9.1
June,Pune,Reliance Energy,669.9,9.1
November,Pune,Tata Power Company Ltd.,226.6,9.1
December,Pune,Tata Power Company Ltd.,100.76,9.1
December,Pune,Reliance Energy,330,9.1
January,Pune,Indowind Energy,217.36,9.1
December,Pune,Adani Power Ltd.,258.72,9.1
February,Pune,Adani Power Ltd.,156.64,9.1
July,Pune,Indowind Energy,998.25,9.1
June,Pune,Tata Power Company Ltd.,603.9,9.1
July,Pune,Adani Power Ltd.,1013.1,9.1
October,Pune,Adani Power Ltd.,215.05,9.1
December,Pune,Indowind Energy,247.72,9.1
November,Pune,Tata Power Company Ltd.,297,9.1
January,Pune,Tata Power Company Ltd.,238.48,9.1
October,Pune,Reliance Energy,269.5,9.1
April,Pune,Reliance Energy,499.125,9.1
October,Pune,Tata Power Company Ltd.,327.25,9.1
December,Pune,Indowind Energy,291.72,9.1
June,Pune,Adani Power Ltd.,862.95,9.1
April,Pune,Orient Green,412.5,9.1
July,Pune,Orient Green,551.1,9.1
February,Pune,Orient Green,301.4,9.1
September,Pune,Adani Power Ltd.,407.88,9.1
July,Pune,Tata Power Company Ltd.,730.95,9.1
July,Pune,Reliance Energy,587.4,9.1
June,Pune,Orient Green,1018.05,9.1
November,Pune,Orient Green,454.96,9.1
May,Pune,Adani Power Ltd.,436.7,9.1
April,Pune,Tata Power Company Ltd.,361.35,9.1
November,Pune,Reliance Energy,212.96,9.1
December,Pune,Indowind Energy,254.76,9.1
September,Pune,Reliance Energy,328.02,9.1
October,Pune,Orient Green,283.8,9.1
July,Pune,Adani Power Ltd.,1009.8,9.1
June,Pune,Orient Green,986.7,9.1
April,Pune,Indowind Energy,442.2,9.1
March,Pune,Orient Green,393.8,9.1
August,Pune,Indowind Energy,362.175,9.1
February,Pune,Adani Power Ltd.,304.48,9.1
February,Pune,Reliance Energy,257.84,9.1
June,Pune,Reliance Energy,410.85,9.1
March,Pune,Tata Power Company Ltd.,328.35,9.1
May,Pune,Reliance Energy,359.7,9.1
February,Pune,Tata Power Company Ltd.,130.68,9.1
June,Pune,Adani Power Ltd.,760.65,9.1
April,Pune,Indowind Energy,405.075,9.1
May,Pune,Indowind Energy,808.5,9.1
October,Pune,Reliance Energy,169.95,9.1
July,Pune,Indowind Energy,427.35,9.1
April,Pune,Tata Power Company Ltd.,565.125,9.1
October,Pune,Reliance Energy,269.5,9.1
August,Pune,Adani Power Ltd.,401.775,9.1
October,Pune,Adani Power Ltd.,231.55,9.1
April,Pune,Adani Power Ltd.,327.525,9.1
March,Pune,Orient Green,331.1,9.1
September,Pune,Tata Power Company Ltd.,280.5,9.1
September,Pune,Adani Power Ltd.,330.66,9.1
April,Pune,Reliance Energy,389.4,9.1
October,Pune,Reliance Energy,268.4,9.1
May,Pune,Adani Power Ltd.,666.6,9.1
November,Pune,Indowind Energy,208.12,9.1
September,Pune,Indowind Energy,381.48,9.1
September,Pune,Indowind Energy,455.4,9.1
April,Pune,Indowind Energy,382.8,9.1
July,Pune,Orient Green,544.5,9.1
December,Pune,Tata Power Company Ltd.,121.88,9.1
November,Pune,Reliance Energy,150.92,9.1
January,Pune,Tata Power Company Ltd.,254.76,9.1
October,Pune,Adani Power Ltd.,227.7,9.1
January,Pune,Orient Green,295.68,9.1
June,Pune,Tata Power Company Ltd.,711.15,9.1
October,Pune,Indowind Energy,178.75,9.1
September,Pune,Adani Power Ltd.,357.72,9.1
January,Pune,Orient Green,259.16,9.1
March,Pune,Adani Power Ltd.,307.45,9.1
July,Pune,Adani Power Ltd.,818.4,9.1
October,Pune,Adani Power Ltd.,211.2,9.1
July,Pune,Indowind Energy,1920.6,9.1
June,Pune,Indowind Energy,2362.8,9.1
August,Pune,Tata Power Company Ltd.,891,9.1
April,Pune,Adani Power Ltd.,1056,9.1
December,Pune,Adani Power Ltd.,422.4,9.1
July,Pune,Indowind Energy,2316.6,9.1
March,Pune,Orient Green,710.6,9.1
September,Pune,Reliance Energy,987.36,9.1
October,Pune,Indowind Energy,533.5,9.1
January,Pune,Indowind Energy,415.36,9.1
October,Pune,Adani Power Ltd.,405.9,9.1
September,Pune,Tata Power Company Ltd.,649.44,9.1
September,Pune,Reliance Energy,656.04,9.1
April,Pune,Reliance Energy,679.8,9.1
March,Pune,Adani Power Ltd.,598.4,9.1
November,Pune,Orient Green,513.04,9.1
September,Pune,Reliance Energy,731.28,9.1
August,Pune,Orient Green,1042.8,9.1
July,Pune,Adani Power Ltd.,2085.6,9.1
April,Pune,Reliance Energy,1016.4,9.1
June,Pune,Orient Green,1788.6,9.1
October,Pune,Reliance Energy,704,9.1
February,Pune,Orient Green,417.12,9.1
June,Pune,Tata Power Company Ltd.,1745.7,9.1
May,Pune,Tata Power Company Ltd.,954.8,9.1
November,Pune,Adani Power Ltd.,616.88,9.1
July,Pune,Orient Green,1755.6,9.1
September,Pune,Tata Power Company Ltd.,590.04,9.1
March,Pune,Indowind Energy,515.9,9.1
February,Pune,Tata Power Company Ltd.,341.44,9.1
November,Pune,Tata Power Company Ltd.,371.36,9.1
December,Pune,Tata Power Company Ltd.,427.68,9.1
January,Pune,Indowind Energy,442.64,9.1
March,Pune,Adani Power Ltd.,339.9,9.1
July,Pune,Adani Power Ltd.,1626.9,9.1
February,Pune,Reliance Energy,271.92,9.1
March,Pune,Reliance Energy,675.4,9.1
July,Pune,Indowind Energy,2131.8,9.1
October,Pune,Tata Power Company Ltd.,569.8,9.1
July,Pune,Reliance Energy,1356.3,9.1
October,Pune,Indowind Energy,875.6,9.1
July,Pune,Adani Power Ltd.,1719.3,9.1
June,Pune,Reliance Energy,1983.3,9.1
October,Pune,Adani Power Ltd.,801.9,9.1
August,Pune,Adani Power Ltd.,730.95,9.1
May,Pune,Indowind Energy,908.6,9.1
January,Pune,Tata Power Company Ltd.,563.2,9.1
May,Pune,Adani Power Ltd.,888.8,9.1
February,Pune,Orient Green,528,9.1
January,Pune,Indowind Energy,515.68,9.1
October,Pune,Orient Green,705.1,9.1
June,Pune,Adani Power Ltd.,1580.7,9.1
August,Pune,Orient Green,1161.6,9.1
September,Pune,Adani Power Ltd.,504.24,9.1
August,Pune,Indowind Energy,1009.8,9.1
May,Pune,Adani Power Ltd.,374,9.1
July,Pune,Reliance Energy,1745.7,9.1
September,Pune,Tata Power Company Ltd.,710.16,9.1
July,Pune,Reliance Energy,1659.9,9.1
November,Pune,Reliance Energy,236.72,9.1
February,Pune,Adani Power Ltd.,391.6,9.1
May,Pune,Reliance Energy,862.4,9.1
September,Pune,Reliance Energy,681.12,9.1
October,Pune,Adani Power Ltd.,541.2,9.1
March,Pune,Reliance Energy,831.6,9.1
August,Pune,Reliance Energy,1163.25,9.1
March,Pune,Indowind Energy,420.2,9.1
March,Pune,Indowind Energy,674.3,9.1
July,Pune,Orient Green,2597.1,9.1
February,Pune,Adani Power Ltd.,400.4,9.1
December,Pune,Reliance Energy,476.08,9.1
August,Pune,Tata Power Company Ltd.,640.2,9.1
May,Pune,Orient Green,1460.8,9.1
July,Pune,Orient Green,2402.4,9.1
May,Pune,Orient Green,1300.2,9.1
August,Pune,Adani Power Ltd.,800.25,9.1
May,Pune,Tata Power Company Ltd.,1034,9.1
October,Pune,Reliance Energy,687.5,9.1
December,Pune,Adani Power Ltd.,511.28,9.1
September,Pune,Indowind Energy,403.92,9.1
September,Pune,Tata Power Company Ltd.,568.92,9.1
November,Pune,Orient Green,331.76,9.1
March,Pune,Adani Power Ltd.,617.1,9.1
August,Pune,Tata Power Company Ltd.,938.85,9.1
June,Pune,Tata Power Company Ltd.,1336.5,9.1
June,Pune,Indowind Energy,1343.1,9.1
November,Pune,Orient Green,459.36,9.1
February,Pune,Orient Green,316.8,9.1
August,Pune,Reliance Energy,897.6,9.1
May,Pune,Orient Green,1159.4,9.1
December,Pune,Tata Power Company Ltd.,292.16,9.1
November,Pune,Reliance Energy,332.64,9.1
September,Pune,Tata Power Company Ltd.,405.24,9.1
May,Pune,Adani Power Ltd.,862.4,9.1
April,Pune,Tata Power Company Ltd.,856.35,9.1
April,Pune,Tata Power Company Ltd.,719.4,9.1
September,Pune,Indowind Energy,715.44,9.1
October,Pune,Reliance Energy,592.9,9.1
September,Pune,Orient Green,980.76,9.1
December,Pune,Adani Power Ltd.,420.64,9.1
July,Pune,Adani Power Ltd.,1379.4,9.1
June,Pune,Indowind Energy,1666.5,9.1
October,Pune,Reliance Energy,451,9.1
May,Pune,Reliance Energy,965.8,9.1
August,Pune,Adani Power Ltd.,914.1,9.1
August,Pune,Orient Green,1069.2,9.1
May,Pune,Indowind Energy,1210,9.1
May,Pune,Adani Power Ltd.,1502.6,9.1
November,Pune,Orient Green,511.28,9.1
July,Pune,Orient Green,1293.6,9.1
December,Pune,Reliance Energy,509.52,9.1
January,Pune,Indowind Energy,655.6,9.1
May,Pune,Reliance Energy,1632.4,9.1
September,Pune,Tata Power Company Ltd.,608.52,9.1
December,Pune,Tata Power Company Ltd.,289.52,9.1
September,Pune,Orient Green,906.84,9.1
November,Pune,Orient Green,382.8,9.1
December,Pune,Adani Power Ltd.,264.88,9.1
September,Pune,Reliance Energy,594,9.1
June,Pune,Indowind Energy,2270.4,9.1
March,Pune,Reliance Energy,732.6,9.1
July,Pune,Adani Power Ltd.,1211.1,9.1
May,Pune,Adani Power Ltd.,1199,9.1
December,Pune,Adani Power Ltd.,593.12,9.1
June,Pune,Reliance Energy,2554.2,9.1
February,Pune,Reliance Energy,280.72,9.1
February,Pune,Reliance Energy,710.16,9.1
January,Pune,Tata Power Company Ltd.,451.44,9.1
February,Pune,Tata Power Company Ltd.,466.4,9.1
July,Pune,Adani Power Ltd.,1349.7,9.1
February,Pune,Adani Power Ltd.,257.84,9.1
November,Pune,Adani Power Ltd.,513.92,9.1
March,Pune,Orient Green,682,9.1
January,Pune,Orient Green,621.28,9.1
April,Pune,Indowind Energy,1227.6,9.1
December,Pune,Reliance Energy,401.28,9.1
May,Pune,Orient Green,1179.2,9.1
November,Pune,Orient Green,412.72,9.1
December,Pune,Tata Power Company Ltd.,533.28,9.1
December,Pune,Orient Green,628.32,9.1
July,Pune,Orient Green,1574.1,9.1
January,Pune,Reliance Energy,510.4,9.1
December,Pune,Orient Green,394.24,9.1
May,Pune,Indowind Energy,1133,9.1
December,Pune,Reliance Energy,469.04,9.1
November,Pune,Reliance Energy,488.4,9.1
October,Pune,Adani Power Ltd.,421.3,9.1
July,Pune,Reliance Energy,1933.8,9.1
March,Pune,Reliance Energy,477.4,9.1
April,Pune,Tata Power Company Ltd.,1316.7,9.1
October,Pune,Orient Green,570.9,9.1
February,Pune,Adani Power Ltd.,300.96,9.1
December,Pune,Adani Power Ltd.,482.24,9.1
April,Pune,Reliance Energy,1217.7,9.1
June,Pune,Adani Power Ltd.,1659.9,9.1
December,Pune,Tata Power Company Ltd.,457.6,9.1
June,Pune,Indowind Energy,2217.6,9.1
June,Pune,Reliance Energy,2075.7,9.1
January,Pune,Orient Green,435.6,9.1
June,Pune,Orient Green,1353,9.1
June,Pune,Reliance Energy,1838.1,9.1
March,Pune,Indowind Energy,645.7,9.1
March,Pune,Tata Power Company Ltd.,381.7,9.1
March,Pune,Adani Power Ltd.,830.5,9.1
July,Pune,Reliance Energy,1402.5,9.1
September,Pune,Reliance Energy,597.96,9.1
April,Pune,Indowind Energy,790.35,9.1
August,Pune,Tata Power Company Ltd.,945.45,9.1
May,Pune,Orient Green,1584,9.1
July,Pune,Tata Power Company Ltd.,2029.5,9.1
December,Pune,Indowind Energy,408.32,9.1
February,Pune,Indowind Energy,596.64,9.1
April,Pune,Reliance Energy,759,9.1
March,Pune,Reliance Energy,587.4,9.1
December,Pune,Tata Power Company Ltd.,790.24,9.1
February,Pune,Indowind Energy,373.12,9.1
June,Pune,Orient Green,2026.2,9.1
April,Pune,Tata Power Company Ltd.,783.75,9.1
January,Pune,Tata Power Company Ltd.,362.56,9.1
January,Pune,Indowind Energy,390.72,9.1
April,Pune,Reliance Energy,1090.65,9.1
September,Pune,Orient Green,594,9.1
October,Pune,Tata Power Company Ltd.,404.8,9.1
July,Pune,Indowind Energy,1481.7,9.1
July,Pune,Orient Green,2026.2,9.1
August,Pune,Indowind Energy,825,9.1
January,Pune,Indowind Energy,629.2,9.1
August,Pune,Reliance Energy,963.6,9.1
July,Pune,Tata Power Company Ltd.,1392.6,9.1
December,Pune,Orient Green,488.4,9.1
March,Pune,Orient Green,777.7,9.1
June,Pune,Orient Green,1234.2,9.1
December,Pune,Tata Power Company Ltd.,455.84,9.1
March,Pune,Tata Power Company Ltd.,380.6,9.1
February,Pune,Indowind Energy,265.76,9.1
June,Pune,Indowind Energy,1511.4,9.1
September,Pune,Orient Green,908.16,9.1
November,Pune,Tata Power Company Ltd.,485.76,9.1
September,Pune,Tata Power Company Ltd.,778.8,9.1
April,Pune,Reliance Energy,508.2,9.1
August,Pune,Orient Green,523.05,9.1
May,Pune,Indowind Energy,805.2,9.1
January,Pune,Indowind Energy,564.08,9.1
July,Pune,Orient Green,2524.5,9.1
December,Pune,Reliance Energy,416.24,9.1
July,Pune,Adani Power Ltd.,1164.9,9.1
February,Pune,Orient Green,333.52,9.1
October,Pune,Tata Power Company Ltd.,895.4,9.1
June,Pune,Orient Green,1323.3,9.1
February,Pune,Indowind Energy,507.76,9.1
May,Pune,Adani Power Ltd.,1606,9.1
October,Pune,Adani Power Ltd.,606.1,9.1
February,Pune,Reliance Energy,440.88,9.1
April,Pune,Adani Power Ltd.,716.1,9.1
April,Pune,Reliance Energy,722.7,9.1
May,Pune,Orient Green,1289.2,9.1
October,Pune,Indowind Energy,609.4,9.1
February,Pune,Orient Green,616.88,9.1
March,Pune,Orient Green,739.2,9.1
December,Pune,Orient Green,579.92,9.1
July,Pune,Indowind Energy,2253.9,9.1
February,Pune,Adani Power Ltd.,290.4,9.1
August,Pune,Orient Green,869.55,9.1
September,Pune,Adani Power Ltd.,712.8,9.1
June,Pune,Adani Power Ltd.,1702.8,9.1
February,Pune,Tata Power Company Ltd.,397.76,9.1
October,Pune,Orient Green,344.3,9.1
October,Pune,Reliance Energy,590.7,9.1
February,Pune,Orient Green,282.48,9.1
August,Pune,Tata Power Company Ltd.,414.15,9.1
April,Pune,Tata Power Company Ltd.,737.55,9.1
March,Pune,Reliance Energy,557.7,9.1
January,Pune,Orient Green,452.32,9.1
January,Pune,Indowind Energy,557.92,9.1
May,Pune,Indowind Energy,1326.6,9.1
December,Pune,Reliance Energy,439.12,9.1
May,Pune,Orient Green,1190.2,9.1
August,Pune,Indowind Energy,1379.4,9.1
March,Pune,Tata Power Company Ltd.,334.4,9.1
March,Pune,Indowind Energy,770,9.1
July,Pune,Orient Green,2161.5,9.1
December,Pune,Reliance Energy,366.96,9.1
August,Pune,Tata Power Company Ltd.,792,9.1
November,Pune,Adani Power Ltd.,491.04,9.1
October,Pune,Orient Green,607.2,9.1
August,Pune,Orient Green,691.35,9.1
April,Pune,Orient Green,478.5,9.1
August,Pune,Tata Power Company Ltd.,651.75,9.1
August,Pune,Adani Power Ltd.,783.75,9.1
May,Pune,Adani Power Ltd.,657.8,9.1
June,Pune,Adani Power Ltd.,874.5,9.1
March,Pune,Orient Green,522.5,9.1
July,Pune,Tata Power Company Ltd.,1168.2,9.1
July,Pune,Tata Power Company Ltd.,1085.7,9.1
March,Pune,Adani Power Ltd.,783.2,9.1
June,Pune,Orient Green,1052.7,9.1
March,Pune,Indowind Energy,622.6,9.1
July,Pune,Reliance Energy,1372.8,9.1
June,Pune,Indowind Energy,1834.8,9.1
February,Pune,Adani Power Ltd.,381.92,9.1
September,Pune,Indowind Energy,832.92,9.1
March,Pune,Indowind Energy,577.5,9.1
February,Pune,Indowind Energy,337.92,9.1
July,Pune,Reliance Energy,1989.9,9.1
June,Pune,Adani Power Ltd.,2032.8,9.1
January,Pune,Indowind Energy,411.84,9.1
April,Pune,Indowind Energy,960.3,9.1
April,Pune,Orient Green,886.05,9.1
December,Pune,Adani Power Ltd.,560.56,9.1
September,Pune,Reliance Energy,975.48,9.1
June,Pune,Reliance Energy,1712.7,9.1
November,Pune,Orient Green,623.92,9.1
March,Pune,Tata Power Company Ltd.,847,9.1
February,Pune,Tata Power Company Ltd.,339.68,9.1
April,Pune,Orient Green,676.5,9.1
November,Pune,Reliance Energy,466.4,9.1
November,Pune,Indowind Energy,579.04,9.1
August,Pune,Tata Power Company Ltd.,605.55,9.1
July,Pune,Indowind Energy,1039.5,9.1
June,Ratnagiri,Adani Power Ltd.,692.4,7.4
February,Ratnagiri,Orient Green,153.92,7.4
May,Ratnagiri,Indowind Energy,288.8,7.4
May,Ratnagiri,Indowind Energy,516.8,7.4
April,Ratnagiri,Tata Power Company Ltd.,335.4,7.4
December,Ratnagiri,Reliance Energy,201.28,7.4
July,Ratnagiri,Adani Power Ltd.,481.2,7.4
April,Ratnagiri,Indowind Energy,240.6,7.4
January,Ratnagiri,Orient Green,141.44,7.4
August,Ratnagiri,Reliance Energy,220.2,7.4
June,Ratnagiri,Indowind Energy,465.6,7.4
May,Ratnagiri,Reliance Energy,573.6,7.4
June,Ratnagiri,Tata Power Company Ltd.,490.8,7.4
January,Ratnagiri,Adani Power Ltd.,191.36,7.4
August,Ratnagiri,Reliance Energy,544.2,7.4
September,Ratnagiri,Orient Green,316.32,7.4
February,Ratnagiri,Adani Power Ltd.,168.96,7.4
February,Ratnagiri,Orient Green,154.88,7.4
February,Ratnagiri,Adani Power Ltd.,179.52,7.4
July,Ratnagiri,Tata Power Company Ltd.,700.8,7.4
December,Ratnagiri,Reliance Energy,152,7.4
May,Ratnagiri,Reliance Energy,523.2,7.4
August,Ratnagiri,Adani Power Ltd.,366.6,7.4
December,Ratnagiri,Indowind Energy,186.88,7.4
August,Ratnagiri,Adani Power Ltd.,329.4,7.4
June,Ratnagiri,Adani Power Ltd.,337.2,7.4
October,Ratnagiri,Reliance Energy,294.8,7.4
August,Ratnagiri,Adani Power Ltd.,259.2,7.4
March,Ratnagiri,Indowind Energy,225.2,7.4
January,Ratnagiri,Adani Power Ltd.,180.16,7.4
December,Ratnagiri,Orient Green,111.04,7.4
July,Ratnagiri,Orient Green,614.4,7.4
August,Ratnagiri,Adani Power Ltd.,315.6,7.4
September,Ratnagiri,Reliance Energy,132.96,7.4
November,Ratnagiri,Indowind Energy,214.08,7.4
December,Ratnagiri,Adani Power Ltd.,186.88,7.4
August,Ratnagiri,Reliance Energy,300.6,7.4
February,Ratnagiri,Reliance Energy,144,7.4
June,Ratnagiri,Tata Power Company Ltd.,566.4,7.4
September,Ratnagiri,Indowind Energy,263.04,7.4
May,Ratnagiri,Indowind Energy,508.8,7.4
May,Ratnagiri,Adani Power Ltd.,454.4,7.4
December,Ratnagiri,Reliance Energy,158.72,7.4
June,Ratnagiri,Adani Power Ltd.,688.8,7.4
May,Ratnagiri,Orient Green,423.2,7.4
October,Ratnagiri,Adani Power Ltd.,256.8,7.4
July,Ratnagiri,Reliance Energy,627.6,7.4
October,Ratnagiri,Orient Green,230.8,7.4
June,Ratnagiri,Adani Power Ltd.,686.4,7.4
April,Ratnagiri,Tata Power Company Ltd.,242.4,7.4
October,Ratnagiri,Orient Green,170,7.4
November,Ratnagiri,Tata Power Company Ltd.,176.64,7.4
November,Ratnagiri,Tata Power Company Ltd.,166.72,7.4
February,Ratnagiri,Orient Green,206.4,7.4
December,Ratnagiri,Indowind Energy,126.08,7.4
February,Ratnagiri,Indowind Energy,151.36,7.4
September,Ratnagiri,Tata Power Company Ltd.,293.76,7.4
September,Ratnagiri,Indowind Energy,300.48,7.4
March,Ratnagiri,Reliance Energy,158.4,7.4
December,Ratnagiri,Indowind Energy,128,7.4
January,Ratnagiri,Adani Power Ltd.,218.88,7.4
June,Ratnagiri,Adani Power Ltd.,620.4,7.4
March,Ratnagiri,Tata Power Company Ltd.,227.6,7.4
August,Ratnagiri,Adani Power Ltd.,360,7.4
July,Ratnagiri,Orient Green,574.8,7.4
October,Ratnagiri,Tata Power Company Ltd.,214.4,7.4
July,Ratnagiri,Reliance Energy,547.2,7.4
February,Ratnagiri,Adani Power Ltd.,183.36,7.4
November,Ratnagiri,Reliance Energy,99.52,7.4
February,Ratnagiri,Adani Power Ltd.,182.72,7.4
March,Ratnagiri,Tata Power Company Ltd.,200.8,7.4
November,Ratnagiri,Reliance Energy,184,7.4
October,Ratnagiri,Indowind Energy,160.8,7.4
January,Ratnagiri,Tata Power Company Ltd.,247.68,7.4
February,Ratnagiri,Orient Green,217.92,7.4
May,Ratnagiri,Indowind Energy,408.8,7.4
April,Ratnagiri,Reliance Energy,334.2,7.4
November,Ratnagiri,Indowind Energy,213.12,7.4
February,Ratnagiri,Indowind Energy,207.04,7.4
April,Ratnagiri,Orient Green,360,7.4
August,Ratnagiri,Indowind Energy,245.4,7.4
June,Ratnagiri,Orient Green,868.8,7.4
December,Ratnagiri,Orient Green,120.96,7.4
May,Ratnagiri,Tata Power Company Ltd.,402.4,7.4
August,Ratnagiri,Adani Power Ltd.,305.4,7.4
November,Ratnagiri,Indowind Energy,146.56,7.4
May,Ratnagiri,Indowind Energy,432.8,7.4
July,Ratnagiri,Indowind Energy,668.4,7.4
November,Ratnagiri,Orient Green,96.96,7.4
June,Ratnagiri,Adani Power Ltd.,771.6,7.4
January,Ratnagiri,Orient Green,188.48,7.4
July,Ratnagiri,Adani Power Ltd.,744,7.4
October,Ratnagiri,Adani Power Ltd.,267.2,7.4
September,Ratnagiri,Reliance Energy,253.44,7.4
January,Ratnagiri,Adani Power Ltd.,160,7.4
July,Ratnagiri,Adani Power Ltd.,483.6,7.4
April,Ratnagiri,Adani Power Ltd.,334.2,7.4
March,Ratnagiri,Reliance Energy,244.8,7.4
May,Ratnagiri,Indowind Energy,436,7.4
July,Ratnagiri,Tata Power Company Ltd.,643.2,7.4
April,Ratnagiri,Reliance Energy,355.8,7.4
May,Ratnagiri,Reliance Energy,292.8,7.4
February,Ratnagiri,Indowind Energy,113.92,7.4
August,Ratnagiri,Orient Green,345.6,7.4
July,Ratnagiri,Adani Power Ltd.,762,7.4
April,Ratnagiri,Tata Power Company Ltd.,160.2,7.4
July,Ratnagiri,Indowind Energy,735.6,7.4
January,Ratnagiri,Indowind Energy,186.24,7.4
May,Ratnagiri,Indowind Energy,489.6,7.4
April,Ratnagiri,Indowind Energy,295.8,7.4
October,Ratnagiri,Adani Power Ltd.,132.4,7.4
February,Ratnagiri,Tata Power Company Ltd.,135.36,7.4
May,Ratnagiri,Adani Power Ltd.,420.8,7.4
October,Ratnagiri,Reliance Energy,216.4,7.4
February,Ratnagiri,Adani Power Ltd.,189.44,7.4
May,Ratnagiri,Indowind Energy,462.4,7.4
May,Ratnagiri,Tata Power Company Ltd.,562.4,7.4
November,Ratnagiri,Orient Green,180.8,7.4
July,Ratnagiri,Tata Power Company Ltd.,714,7.4
July,Ratnagiri,Tata Power Company Ltd.,837.6,7.4
July,Ratnagiri,Indowind Energy,576,7.4
September,Ratnagiri,Tata Power Company Ltd.,233.28,7.4
September,Ratnagiri,Indowind Energy,258.24,7.4
February,Ratnagiri,Indowind Energy,125.12,7.4
October,Ratnagiri,Reliance Energy,286.4,7.4
August,Ratnagiri,Indowind Energy,322.8,7.4
September,Ratnagiri,Tata Power Company Ltd.,279.36,7.4
December,Ratnagiri,Reliance Energy,162.24,7.4
August,Ratnagiri,Reliance Energy,379.8,7.4
April,Ratnagiri,Orient Green,427.8,7.4
May,Ratnagiri,Adani Power Ltd.,525.6,7.4
February,Ratnagiri,Indowind Energy,191.68,7.4
October,Ratnagiri,Indowind Energy,223.2,7.4
April,Ratnagiri,Tata Power Company Ltd.,325.8,7.4
February,Ratnagiri,Orient Green,111.36,7.4
November,Ratnagiri,Indowind Energy,168.64,7.4
September,Ratnagiri,Tata Power Company Ltd.,268.8,7.4
April,Ratnagiri,Indowind Energy,320.4,7.4
September,Ratnagiri,Reliance Energy,291.84,7.4
July,Ratnagiri,Tata Power Company Ltd.,640.8,7.4
December,Ratnagiri,Tata Power Company Ltd.,178.88,7.4
November,Ratnagiri,Tata Power Company Ltd.,207.04,7.4
December,Ratnagiri,Orient Green,180.8,7.4
August,Ratnagiri,Tata Power Company Ltd.,636,7.4
November,Ratnagiri,Reliance Energy,409.6,7.4
September,Ratnagiri,Indowind Energy,691.2,7.4
April,Ratnagiri,Indowind Energy,487.2,7.4
January,Ratnagiri,Reliance Energy,267.52,7.4
July,Ratnagiri,Orient Green,1216.8,7.4
August,Ratnagiri,Reliance Energy,592.8,7.4
April,Ratnagiri,Orient Green,872.4,7.4
September,Ratnagiri,Orient Green,528,7.4
July,Ratnagiri,Reliance Energy,1461.6,7.4
February,Ratnagiri,Adani Power Ltd.,204.8,7.4
October,Ratnagiri,Reliance Energy,356,7.4
May,Ratnagiri,Adani Power Ltd.,1059.2,7.4
August,Ratnagiri,Orient Green,606,7.4
February,Ratnagiri,Indowind Energy,359.04,7.4
August,Ratnagiri,Tata Power Company Ltd.,633.6,7.4
July,Ratnagiri,Reliance Energy,1456.8,7.4
May,Ratnagiri,Reliance Energy,836.8,7.4
June,Ratnagiri,Orient Green,1658.4,7.4
January,Ratnagiri,Indowind Energy,472.32,7.4
February,Ratnagiri,Indowind Energy,255.36,7.4
December,Ratnagiri,Reliance Energy,552.96,7.4
July,Ratnagiri,Reliance Energy,811.2,7.4
April,Ratnagiri,Adani Power Ltd.,925.2,7.4
October,Ratnagiri,Adani Power Ltd.,423.2,7.4
June,Ratnagiri,Adani Power Ltd.,1099.2,7.4
September,Ratnagiri,Tata Power Company Ltd.,671.04,7.4
November,Ratnagiri,Indowind Energy,352.64,7.4
May,Ratnagiri,Orient Green,902.4,7.4
November,Ratnagiri,Adani Power Ltd.,376.32,7.4
January,Ratnagiri,Tata Power Company Ltd.,289.28,7.4
March,Ratnagiri,Indowind Energy,316.8,7.4
October,Ratnagiri,Orient Green,509.6,7.4
October,Ratnagiri,Adani Power Ltd.,480.8,7.4
March,Ratnagiri,Adani Power Ltd.,494.4,7.4
June,Ratnagiri,Tata Power Company Ltd.,1077.6,7.4
March,Ratnagiri,Tata Power Company Ltd.,466.4,7.4
October,Ratnagiri,Tata Power Company Ltd.,375.2,7.4
September,Ratnagiri,Orient Green,507.84,7.4
April,Ratnagiri,Tata Power Company Ltd.,645.6,7.4
July,Ratnagiri,Orient Green,1154.4,7.4
May,Ratnagiri,Orient Green,1160,7.4
March,Ratnagiri,Adani Power Ltd.,237.6,7.4
April,Ratnagiri,Tata Power Company Ltd.,516,7.4
April,Ratnagiri,Indowind Energy,800.4,7.4
October,Ratnagiri,Reliance Energy,509.6,7.4
March,Ratnagiri,Reliance Energy,544,7.4
January,Ratnagiri,Indowind Energy,368,7.4
May,Ratnagiri,Reliance Energy,708.8,7.4
January,Ratnagiri,Orient Green,254.72,7.4
September,Ratnagiri,Adani Power Ltd.,319.68,7.4
March,Ratnagiri,Tata Power Company Ltd.,451.2,7.4
June,Ratnagiri,Indowind Energy,1236,7.4
October,Ratnagiri,Reliance Energy,457.6,7.4
September,Ratnagiri,Adani Power Ltd.,204.48,7.4
September,Ratnagiri,Adani Power Ltd.,353.28,7.4
September,Ratnagiri,Orient Green,586.56,7.4
December,Ratnagiri,Tata Power Company Ltd.,282.88,7.4
April,Ratnagiri,Tata Power Company Ltd.,325.2,7.4
January,Ratnagiri,Adani Power Ltd.,182.4,7.4
April,Ratnagiri,Tata Power Company Ltd.,537.6,7.4
September,Ratnagiri,Reliance Energy,507.84,7.4
August,Ratnagiri,Tata Power Company Ltd.,774,7.4
February,Ratnagiri,Indowind Energy,269.44,7.4
May,Ratnagiri,Reliance Energy,1099.2,7.4
November,Ratnagiri,Tata Power Company Ltd.,296.32,7.4
March,Ratnagiri,Adani Power Ltd.,384.8,7.4
February,Ratnagiri,Orient Green,245.12,7.4
June,Ratnagiri,Reliance Energy,1512,7.4
January,Ratnagiri,Reliance Energy,407.68,7.4
October,Ratnagiri,Adani Power Ltd.,428,7.4
September,Ratnagiri,Orient Green,499.2,7.4
February,Ratnagiri,Reliance Energy,371.84,7.4
November,Ratnagiri,Indowind Energy,394.88,7.4
February,Ratnagiri,Indowind Energy,436.48,7.4
March,Ratnagiri,Indowind Energy,580,7.4
November,Ratnagiri,Reliance Energy,222.72,7.4
August,Ratnagiri,Adani Power Ltd.,674.4,7.4
December,Ratnagiri,Indowind Energy,323.2,7.4
May,Ratnagiri,Orient Green,1086.4,7.4
September,Ratnagiri,Tata Power Company Ltd.,537.6,7.4
August,Ratnagiri,Adani Power Ltd.,460.8,7.4
November,Ratnagiri,Indowind Energy,374.4,7.4
September,Ratnagiri,Orient Green,417.6,7.4
July,Ratnagiri,Tata Power Company Ltd.,1226.4,7.4
June,Ratnagiri,Adani Power Ltd.,1418.4,7.4
June,Ratnagiri,Adani Power Ltd.,878.4,7.4
December,Ratnagiri,Tata Power Company Ltd.,442.24,7.4
April,Ratnagiri,Adani Power Ltd.,363.6,7.4
May,Ratnagiri,Tata Power Company Ltd.,702.4,7.4
December,Ratnagiri,Reliance Energy,293.12,7.4
February,Ratnagiri,Indowind Energy,223.36,7.4
June,Ratnagiri,Indowind Energy,1528.8,7.4
March,Ratnagiri,Orient Green,401.6,7.4
November,Ratnagiri,Tata Power Company Ltd.,312.96,7.4
June,Ratnagiri,Adani Power Ltd.,1557.6,7.4
February,Ratnagiri,Tata Power Company Ltd.,297.6,7.4
August,Ratnagiri,Reliance Energy,723.6,7.4
May,Ratnagiri,Indowind Energy,982.4,7.4
December,Ratnagiri,Indowind Energy,300.16,7.4
February,Ratnagiri,Adani Power Ltd.,337.92,7.4
March,Ratnagiri,Orient Green,371.2,7.4
June,Ratnagiri,Reliance Energy,1159.2,7.4
February,Ratnagiri,Reliance Energy,362.88,7.4
July,Ratnagiri,Orient Green,1173.6,7.4
May,Ratnagiri,Adani Power Ltd.,668.8,7.4
July,Ratnagiri,Reliance Energy,1992,7.4
April,Ratnagiri,Adani Power Ltd.,682.8,7.4
February,Ratnagiri,Reliance Energy,236.16,7.4
September,Ratnagiri,Adani Power Ltd.,489.6,7.4
March,Ratnagiri,Tata Power Company Ltd.,488.8,7.4
October,Ratnagiri,Orient Green,443.2,7.4
September,Ratnagiri,Orient Green,411.84,7.4
July,Ratnagiri,Adani Power Ltd.,1176,7.4
January,Ratnagiri,Adani Power Ltd.,374.4,7.4
December,Ratnagiri,Adani Power Ltd.,291.2,7.4
February,Ratnagiri,Adani Power Ltd.,237.44,7.4
January,Ratnagiri,Adani Power Ltd.,375.68,7.4
October,Ratnagiri,Indowind Energy,627.2,7.4
May,Ratnagiri,Indowind Energy,969.6,7.4
September,Ratnagiri,Reliance Energy,450.24,7.4
June,Ratnagiri,Adani Power Ltd.,482.4,7.4
July,Ratnagiri,Orient Green,1039.2,7.4
September,Ratnagiri,Reliance Energy,373.44,7.4
June,Ratnagiri,Indowind Energy,1574.4,7.4
October,Ratnagiri,Indowind Energy,488.8,7.4
July,Ratnagiri,Reliance Energy,943.2,7.4
November,Ratnagiri,Orient Green,372.48,7.4
November,Ratnagiri,Reliance Energy,275.84,7.4
April,Ratnagiri,Reliance Energy,698.4,7.4
April,Ratnagiri,Reliance Energy,867.6,7.4
August,Ratnagiri,Adani Power Ltd.,826.8,7.4
July,Ratnagiri,Tata Power Company Ltd.,844.8,7.4
April,Ratnagiri,Tata Power Company Ltd.,709.2,7.4
January,Ratnagiri,Orient Green,440.32,7.4
May,Ratnagiri,Indowind Energy,937.6,7.4
May,Ratnagiri,Orient Green,880,7.4
December,Ratnagiri,Tata Power Company Ltd.,344.32,7.4
September,Ratnagiri,Reliance Energy,405.12,7.4
December,Ratnagiri,Adani Power Ltd.,337.92,7.4
January,Ratnagiri,Indowind Energy,248.96,7.4
March,Ratnagiri,Adani Power Ltd.,404.8,7.4
June,Ratnagiri,Adani Power Ltd.,1286.4,7.4
November,Ratnagiri,Adani Power Ltd.,172.16,7.4
February,Ratnagiri,Indowind Energy,444.16,7.4
July,Ratnagiri,Reliance Energy,1560,7.4
May,Ratnagiri,Indowind Energy,612.8,7.4
February,Ratnagiri,Tata Power Company Ltd.,257.28,7.4
September,Ratnagiri,Tata Power Company Ltd.,697.92,7.4
February,Ratnagiri,Reliance Energy,282.88,7.4
March,Ratnagiri,Adani Power Ltd.,401.6,7.4
May,Ratnagiri,Tata Power Company Ltd.,819.2,7.4
September,Ratnagiri,Orient Green,709.44,7.4
December,Ratnagiri,Orient Green,371.2,7.4
July,Ratnagiri,Adani Power Ltd.,1557.6,7.4
November,Ratnagiri,Tata Power Company Ltd.,326.4,7.4
January,Ratnagiri,Tata Power Company Ltd.,352,7.4
August,Ratnagiri,Reliance Energy,886.8,7.4
June,Ratnagiri,Orient Green,1449.6,7.4
December,Ratnagiri,Reliance Energy,318.08,7.4
July,Ratnagiri,Indowind Energy,909.6,7.4
January,Ratnagiri,Orient Green,460.8,7.4
April,Ratnagiri,Reliance Energy,735.6,7.4
September,Ratnagiri,Tata Power Company Ltd.,519.36,7.4
April,Ratnagiri,Reliance Energy,759.6,7.4
April,Ratnagiri,Adani Power Ltd.,559.2,7.4
August,Ratnagiri,Adani Power Ltd.,825.6,7.4
December,Ratnagiri,Orient Green,288,7.4
July,Ratnagiri,Tata Power Company Ltd.,1197.6,7.4
July,Ratnagiri,Reliance Energy,1209.6,7.4
August,Ratnagiri,Orient Green,540,7.4
March,Ratnagiri,Adani Power Ltd.,406.4,7.4
April,Ratnagiri,Tata Power Company Ltd.,712.8,7.4
April,Ratnagiri,Reliance Energy,416.4,7.4
July,Ratnagiri,Indowind Energy,1581.6,7.4
July,Ratnagiri,Orient Green,1512,7.4
March,Ratnagiri,Indowind Energy,578.4,7.4
May,Ratnagiri,Indowind Energy,1006.4,7.4
December,Ratnagiri,Adani Power Ltd.,330.24,7.4
June,Ratnagiri,Orient Green,1012.8,7.4
November,Ratnagiri,Indowind Energy,325.12,7.4
September,Ratnagiri,Reliance Energy,405.12,7.4
January,Ratnagiri,Adani Power Ltd.,387.2,7.4
August,Ratnagiri,Adani Power Ltd.,650.4,7.4
April,Ratnagiri,Tata Power Company Ltd.,782.4,7.4
January,Ratnagiri,Orient Green,273.92,7.4
October,Ratnagiri,Tata Power Company Ltd.,375.2,7.4
May,Ratnagiri,Adani Power Ltd.,603.2,7.4
February,Ratnagiri,Reliance Energy,343.04,7.4
November,Ratnagiri,Reliance Energy,330.24,7.4
December,Ratnagiri,Indowind Energy,421.12,7.4
December,Ratnagiri,Adani Power Ltd.,283.52,7.4
April,Ratnagiri,Orient Green,661.2,7.4
August,Ratnagiri,Orient Green,512.4,7.4
October,Ratnagiri,Adani Power Ltd.,416.8,7.4
November,Ratnagiri,Indowind Energy,288,7.4
November,Ratnagiri,Orient Green,229.12,7.4
September,Ratnagiri,Orient Green,327.36,7.4
March,Ratnagiri,Indowind Energy,344.8,7.4
December,Ratnagiri,Adani Power Ltd.,188.16,7.4
October,Ratnagiri,Reliance Energy,334.4,7.4
February,Ratnagiri,Adani Power Ltd.,202.24,7.4
May,Ratnagiri,Orient Green,897.6,7.4
October,Ratnagiri,Adani Power Ltd.,307.2,7.4
April,Ratnagiri,Reliance Energy,466.8,7.4
March,Ratnagiri,Reliance Energy,552,7.4
April,Ratnagiri,Reliance Energy,549.6,7.4
December,Ratnagiri,Indowind Energy,298.24,7.4
February,Ratnagiri,Adani Power Ltd.,282.24,7.4
March,Ratnagiri,Indowind Energy,404,7.4
August,Ratnagiri,Reliance Energy,838.8,7.4
July,Ratnagiri,Indowind Energy,1003.2,7.4
September,Ratnagiri,Tata Power Company Ltd.,311.04,7.4
April,Ratnagiri,Tata Power Company Ltd.,772.8,7.4
September,Ratnagiri,Indowind Energy,416.64,7.4
November,Ratnagiri,Tata Power Company Ltd.,337.92,7.4
August,Ratnagiri,Adani Power Ltd.,783.6,7.4
April,Ratnagiri,Tata Power Company Ltd.,452.4,7.4
June,Ratnagiri,Adani Power Ltd.,1468.8,7.4
June,Ratnagiri,Indowind Energy,1106.4,7.4
December,Ratnagiri,Indowind Energy,363.52,7.4
July,Ratnagiri,Adani Power Ltd.,1442.4,7.4
January,Ratnagiri,Tata Power Company Ltd.,483.2,7.4
September,Ratnagiri,Adani Power Ltd.,523.2,7.4
February,Ratnagiri,Tata Power Company Ltd.,218.88,7.4
July,Ratnagiri,Reliance Energy,1012.8,7.4
September,Ratnagiri,Adani Power Ltd.,607.68,7.4
March,Ratnagiri,Tata Power Company Ltd.,503.2,7.4
September,Ratnagiri,Reliance Energy,433.92,7.4
February,Ratnagiri,Indowind Energy,411.52,7.4
April,Ratnagiri,Adani Power Ltd.,441.6,7.4
November,Ratnagiri,Orient Green,377.6,7.4
March,Ratnagiri,Reliance Energy,460.8,7.4
January,Ratnagiri,Orient Green,462.72,7.4
January,Ratnagiri,Orient Green,367.36,7.4
July,Ratnagiri,Orient Green,715.2,7.4
September,Ratnagiri,Orient Green,498.24,7.4
November,Ratnagiri,Reliance Energy,335.36,7.4
September,Ratnagiri,Adani Power Ltd.,459.84,7.4
March,Ratnagiri,Reliance Energy,315.2,7.4
November,Ratnagiri,Reliance Energy,311.04,7.4
May,Ratnagiri,Indowind Energy,998.4,7.4
July,Ratnagiri,Indowind Energy,919.2,7.4
July,Ratnagiri,Adani Power Ltd.,801.6,7.4
February,Ratnagiri,Indowind Energy,311.04,7.4
December,Ratnagiri,Adani Power Ltd.,326.4,7.4
July,Ratnagiri,Adani Power Ltd.,854.4,7.4
July,Ratnagiri,Reliance Energy,729.6,7.4
September,Ratnagiri,Reliance Energy,420.48,7.4
March,Ratnagiri,Reliance Energy,466.4,7.4
December,Ratnagiri,Tata Power Company Ltd.,331.52,7.4
October,Ratnagiri,Orient Green,523.2,7.4
November,Ratnagiri,Adani Power Ltd.,353.92,7.4
November,Ratnagiri,Tata Power Company Ltd.,297.6,7.4
August,Ratnagiri,Reliance Energy,562.8,7.4
August,Ratnagiri,Tata Power Company Ltd.,460.8,7.4
November,Ratnagiri,Tata Power Company Ltd.,280.32,7.4
June,Ratnagiri,Indowind Energy,1389.6,7.4
August,Ratnagiri,Tata Power Company Ltd.,756,7.4
December,Ratnagiri,Tata Power Company Ltd.,343.68,7.4
February,Ratnagiri,Tata Power Company Ltd.,272.64,7.4
September,Ratnagiri,Adani Power Ltd.,558.72,7.4
April,Ratnagiri,Tata Power Company Ltd.,669.6,7.4
December,Ratnagiri,Orient Green,286.08,7.4
September,Ratnagiri,Reliance Energy,662.4,7.4
March,Ratnagiri,Indowind Energy,368.8,7.4
November,Ratnagiri,Adani Power Ltd.,292.48,7.4
November,Ratnagiri,Adani Power Ltd.,439.04,7.4
August,Ratnagiri,Tata Power Company Ltd.,402,7.4
April,Ratnagiri,Reliance Energy,982.8,7.4
October,Ratnagiri,Tata Power Company Ltd.,478.4,7.4
June,Ratnagiri,Tata Power Company Ltd.,1303.2,7.4
June,Ratnagiri,Adani Power Ltd.,1092,7.4
March,Ratnagiri,Reliance Energy,428.8,7.4
September,Ratnagiri,Adani Power Ltd.,670.08,7.4
June,Ratnagiri,Orient Green,616.8,7.4
March,Ratnagiri,Indowind Energy,272,7.4
August,Ratnagiri,Tata Power Company Ltd.,735.6,7.4
January,Ratnagiri,Indowind Energy,204.16,7.4
February,Ratnagiri,Adani Power Ltd.,234.24,7.4
January,Ratnagiri,Tata Power Company Ltd.,355.84,7.4
August,Ratnagiri,Indowind Energy,908.4,7.4
April,Ratnagiri,Reliance Energy,464.4,7.4
March,Ratnagiri,Orient Green,440,7.4
September,Ratnagiri,Reliance Energy,504,7.4
October,Ratnagiri,Indowind Energy,536.8,7.4
January,Ratnagiri,Adani Power Ltd.,359.68,7.4
March,Ratnagiri,Orient Green,534.4,7.4
June,Ratnagiri,Indowind Energy,1149.6,7.4
May,Ratnagiri,Tata Power Company Ltd.,676.8,7.4
November,Ratnagiri,Reliance Energy,267.52,7.4
October,Ratnagiri,Orient Green,653.6,7.4
March,Ratnagiri,Indowind Energy,408.8,7.4
December,Ratnagiri,Indowind Energy,375.04,7.4
November,Ratnagiri,Orient Green,428.16,7.4
October,Ratnagiri,Reliance Energy,426.4,7.4
October,Ratnagiri,Adani Power Ltd.,587.2,7.4
July,Ratnagiri,Adani Power Ltd.,1243.2,7.4
September,Ratnagiri,Orient Green,438.72,7.4
October,Ratnagiri,Tata Power Company Ltd.,581.6,7.4
January,Ratnagiri,Orient Green,517.76,7.4
June,Ratnagiri,Orient Green,1608,7.4
December,Ratnagiri,Adani Power Ltd.,269.44,7.4
March,Ratnagiri,Adani Power Ltd.,321.6,7.4
January,Ratnagiri,Adani Power Ltd.,428.8,7.4
October,Ratnagiri,Indowind Energy,511.2,7.4
July,Ratnagiri,Reliance Energy,1648.8,7.4
February,Ratnagiri,Orient Green,280.32,7.4
August,Ratnagiri,Tata Power Company Ltd.,700.8,7.4
March,Ratnagiri,Indowind Energy,416,7.4
April,Ratnagiri,Adani Power Ltd.,578.4,7.4
June,Ratnagiri,Reliance Energy,924,7.4
July,Ratnagiri,Indowind Energy,943.2,7.4
October,Ratnagiri,Indowind Energy,564.8,7.4
July,Ratnagiri,Tata Power Company Ltd.,780,7.4
July,Ratnagiri,Orient Green,1576.8,7.4
December,Ratnagiri,Orient Green,213.76,7.4
June,Ratnagiri,Adani Power Ltd.,907.2,7.4
May,Ratnagiri,Tata Power Company Ltd.,804.8,7.4
March,Ratnagiri,Orient Green,559.2,7.4
October,Ratnagiri,Orient Green,413.6,7.4
September,Ratnagiri,Reliance Energy,629.76,7.4
December,Ratnagiri,Tata Power Company Ltd.,327.68,7.4
November,Ratnagiri,Reliance Energy,336.64,7.4
March,Ratnagiri,Adani Power Ltd.,252,7.4
August,Ratnagiri,Reliance Energy,796.8,7.4
May,Ratnagiri,Tata Power Company Ltd.,1065.6,7.4
April,Ratnagiri,Indowind Energy,717.6,7.4
May,Ratnagiri,Indowind Energy,798.4,7.4
July,Ratnagiri,Tata Power Company Ltd.,1519.2,7.4
April,Ratnagiri,Reliance Energy,633.6,7.4
August,Ratnagiri,Adani Power Ltd.,903.6,7.4
July,Ratnagiri,Reliance Energy,626.4,7.4
January,Ratnagiri,Orient Green,391.68,7.4
September,Ratnagiri,Tata Power Company Ltd.,427.2,7.4
July,Ratnagiri,Indowind Energy,1176,7.4
May,Ratnagiri,Adani Power Ltd.,715.2,7.4
April,Ratnagiri,Orient Green,588,7.4
August,Ratnagiri,Orient Green,847.2,7.4
June,Ratnagiri,Orient Green,1094.4,7.4
August,Ratnagiri,Orient Green,586.8,7.4
June,Shimla,Tata Power Company Ltd.,237.75,7.7
December,Shimla,Reliance Energy,126,7.7
August,Shimla,Orient Green,169.875,7.7
January,Shimla,Tata Power Company Ltd.,100.8,7.7
August,Shimla,Orient Green,222.75,7.7
April,Shimla,Tata Power Company Ltd.,268.5,7.7
August,Shimla,Reliance Energy,182.25,7.7
December,Shimla,Tata Power Company Ltd.,130.2,7.7
August,Shimla,Indowind Energy,250.5,7.7
August,Shimla,Indowind Energy,202.5,7.7
November,Shimla,Orient Green,94.8,7.7
October,Shimla,Reliance Energy,97.25,7.7
June,Shimla,Tata Power Company Ltd.,521.25,7.7
August,Shimla,Adani Power Ltd.,98.25,7.7
August,Shimla,Adani Power Ltd.,153.75,7.7
September,Shimla,Reliance Energy,150.3,7.7
August,Shimla,Orient Green,195.375,7.7
December,Shimla,Orient Green,99.4,7.7
April,Shimla,Orient Green,234.75,7.7
November,Shimla,Indowind Energy,88,7.7
June,Shimla,Orient Green,475.5,7.7
July,Shimla,Indowind Energy,343.5,7.7
March,Shimla,Orient Green,123.75,7.7
January,Shimla,Orient Green,91.6,7.7
November,Shimla,Reliance Energy,106.8,7.7
May,Shimla,Reliance Energy,274.5,7.7
June,Shimla,Indowind Energy,381.75,7.7
August,Shimla,Tata Power Company Ltd.,112.5,7.7
June,Shimla,Reliance Energy,550.5,7.7
February,Shimla,Orient Green,143.2,7.7
February,Shimla,Adani Power Ltd.,81.8,7.7
December,Shimla,Orient Green,123.8,7.7
August,Shimla,Adani Power Ltd.,259.875,7.7
September,Shimla,Indowind Energy,108.6,7.7
August,Shimla,Tata Power Company Ltd.,273,7.7
April,Shimla,Indowind Energy,219,7.7
September,Shimla,Adani Power Ltd.,146.7,7.7
February,Shimla,Tata Power Company Ltd.,108.6,7.7
January,Shimla,Adani Power Ltd.,104.8,7.7
August,Shimla,Indowind Energy,186.375,7.7
August,Shimla,Adani Power Ltd.,183.375,7.7
June,Shimla,Adani Power Ltd.,509.25,7.7
August,Shimla,Adani Power Ltd.,228.75,7.7
December,Shimla,Orient Green,108,7.7
June,Shimla,Adani Power Ltd.,554.25,7.7
October,Shimla,Indowind Energy,149.25,7.7
December,Shimla,Orient Green,68.8,7.7
September,Shimla,Indowind Energy,175.8,7.7
February,Shimla,Orient Green,109.2,7.7
May,Shimla,Tata Power Company Ltd.,210.5,7.7
April,Shimla,Orient Green,217.5,7.7
December,Shimla,Tata Power Company Ltd.,87,7.7
December,Shimla,Reliance Energy,62.6,7.7
November,Shimla,Orient Green,120.8,7.7
April,Shimla,Orient Green,196.125,7.7
December,Shimla,Adani Power Ltd.,87.2,7.7
July,Shimla,Adani Power Ltd.,266.25,7.7
September,Shimla,Tata Power Company Ltd.,77.7,7.7
February,Shimla,Adani Power Ltd.,84.2,7.7
November,Shimla,Tata Power Company Ltd.,146,7.7
July,Shimla,Adani Power Ltd.,441,7.7
December,Shimla,Adani Power Ltd.,103.2,7.7
November,Shimla,Reliance Energy,75.6,7.7
December,Shimla,Tata Power Company Ltd.,118.4,7.7
July,Shimla,Tata Power Company Ltd.,428.25,7.7
August,Shimla,Orient Green,183.375,7.7
May,Shimla,Tata Power Company Ltd.,223.5,7.7
September,Shimla,Orient Green,189.6,7.7
July,Shimla,Adani Power Ltd.,492.75,7.7
March,Shimla,Reliance Energy,112.25,7.7
March,Shimla,Reliance Energy,95,7.7
December,Shimla,Reliance Energy,66.6,7.7
June,Shimla,Indowind Energy,200.25,7.7
January,Shimla,Adani Power Ltd.,61.8,7.7
August,Shimla,Indowind Energy,219,7.7
June,Shimla,Reliance Energy,459.75,7.7
June,Shimla,Indowind Energy,325.5,7.7
October,Shimla,Tata Power Company Ltd.,226.75,7.7
January,Shimla,Orient Green,110.8,7.7
December,Shimla,Adani Power Ltd.,120.8,7.7
May,Shimla,Tata Power Company Ltd.,286.5,7.7
March,Shimla,Adani Power Ltd.,158.25,7.7
January,Shimla,Tata Power Company Ltd.,98.4,7.7
February,Shimla,Orient Green,87.2,7.7
March,Shimla,Tata Power Company Ltd.,152.25,7.7
July,Shimla,Tata Power Company Ltd.,452.25,7.7
April,Shimla,Reliance Energy,139.5,7.7
November,Shimla,Orient Green,119.8,7.7
May,Shimla,Tata Power Company Ltd.,342,7.7
June,Shimla,Reliance Energy,485.25,7.7
August,Shimla,Reliance Energy,125.625,7.7
September,Shimla,Adani Power Ltd.,162.9,7.7
August,Shimla,Adani Power Ltd.,164.25,7.7
June,Shimla,Orient Green,292.5,7.7
November,Shimla,Reliance Energy,93,7.7
June,Shimla,Adani Power Ltd.,378.75,7.7
July,Shimla,Tata Power Company Ltd.,426,7.7
February,Shimla,Reliance Energy,96.4,7.7
October,Shimla,Indowind Energy,147.5,7.7
March,Shimla,Adani Power Ltd.,101.75,7.7
June,Shimla,Orient Green,442.5,7.7
July,Shimla,Reliance Energy,508.5,7.7
March,Shimla,Indowind Energy,117.75,7.7
September,Shimla,Reliance Energy,256.2,7.7
June,Shimla,Tata Power Company Ltd.,488.25,7.7
November,Shimla,Orient Green,88.2,7.7
January,Shimla,Reliance Energy,136.2,7.7
September,Shimla,Reliance Energy,190.2,7.7
January,Shimla,Reliance Energy,61.4,7.7
March,Shimla,Adani Power Ltd.,146,7.7
October,Shimla,Tata Power Company Ltd.,131,7.7
January,Shimla,Reliance Energy,136.6,7.7
October,Shimla,Tata Power Company Ltd.,129.25,7.7
July,Shimla,Tata Power Company Ltd.,337.5,7.7
January,Shimla,Tata Power Company Ltd.,90.6,7.7
July,Shimla,Adani Power Ltd.,251.25,7.7
September,Shimla,Adani Power Ltd.,180.9,7.7
March,Shimla,Tata Power Company Ltd.,96.75,7.7
November,Shimla,Reliance Energy,136.8,7.7
September,Shimla,Indowind Energy,176.7,7.7
September,Shimla,Tata Power Company Ltd.,114.9,7.7
June,Shimla,Orient Green,352.5,7.7
July,Shimla,Tata Power Company Ltd.,380.25,7.7
May,Shimla,Indowind Energy,329.5,7.7
January,Shimla,Indowind Energy,93.6,7.7
April,Shimla,Reliance Energy,223.5,7.7
January,Shimla,Indowind Energy,82.4,7.7
March,Shimla,Orient Green,172.75,7.7
January,Shimla,Adani Power Ltd.,61.8,7.7
October,Shimla,Indowind Energy,93,7.7
January,Shimla,Tata Power Company Ltd.,145.2,7.7
October,Shimla,Indowind Energy,118.25,7.7
January,Shimla,Indowind Energy,75.6,7.7
June,Shimla,Reliance Energy,423.75,7.7
January,Shimla,Reliance Energy,111.4,7.7
July,Shimla,Reliance Energy,262.5,7.7
April,Shimla,Orient Green,238.125,7.7
December,Shimla,Indowind Energy,113.4,7.7
February,Shimla,Adani Power Ltd.,135.6,7.7
April,Shimla,Indowind Energy,183.75,7.7
October,Shimla,Tata Power Company Ltd.,117.75,7.7
March,Shimla,Orient Green,105.75,7.7
October,Shimla,Indowind Energy,125.25,7.7
February,Shimla,Indowind Energy,123.6,7.7
March,Shimla,Indowind Energy,125.5,7.7
April,Shimla,Orient Green,307.5,7.7
April,Shimla,Indowind Energy,439.5,7.7
July,Shimla,Indowind Energy,765,7.7
August,Shimla,Orient Green,274.5,7.7
February,Shimla,Indowind Energy,193.6,7.7
October,Shimla,Reliance Energy,164.5,7.7
February,Shimla,Adani Power Ltd.,176,7.7
September,Shimla,Tata Power Company Ltd.,234,7.7
February,Shimla,Indowind Energy,235.2,7.7
January,Shimla,Orient Green,182.4,7.7
April,Shimla,Orient Green,437.25,7.7
June,Shimla,Tata Power Company Ltd.,1045.5,7.7
November,Shimla,Orient Green,173.6,7.7
April,Shimla,Reliance Energy,413.25,7.7
July,Shimla,Indowind Energy,798,7.7
February,Shimla,Adani Power Ltd.,236.4,7.7
April,Shimla,Adani Power Ltd.,363,7.7
May,Shimla,Indowind Energy,449,7.7
September,Shimla,Orient Green,402.6,7.7
March,Shimla,Reliance Energy,301.5,7.7
July,Shimla,Orient Green,697.5,7.7
May,Shimla,Tata Power Company Ltd.,487,7.7
April,Shimla,Indowind Energy,452.25,7.7
September,Shimla,Orient Green,357.6,7.7
June,Shimla,Tata Power Company Ltd.,1161,7.7
September,Shimla,Orient Green,310.2,7.7
March,Shimla,Tata Power Company Ltd.,282.5,7.7
May,Shimla,Adani Power Ltd.,789,7.7
October,Shimla,Tata Power Company Ltd.,129.5,7.7
January,Shimla,Adani Power Ltd.,136.4,7.7
June,Shimla,Tata Power Company Ltd.,696,7.7
November,Shimla,Indowind Energy,236,7.7
November,Shimla,Adani Power Ltd.,200.8,7.7
May,Shimla,Orient Green,602,7.7
January,Shimla,Tata Power Company Ltd.,267.6,7.7
March,Shimla,Indowind Energy,231,7.7
March,Shimla,Tata Power Company Ltd.,358,7.7
December,Shimla,Reliance Energy,237.2,7.7
November,Shimla,Orient Green,165.6,7.7
October,Shimla,Tata Power Company Ltd.,187.5,7.7
January,Shimla,Adani Power Ltd.,186,7.7
October,Shimla,Orient Green,259.5,7.7
March,Shimla,Reliance Energy,310,7.7
June,Shimla,Adani Power Ltd.,864,7.7
November,Shimla,Reliance Energy,231.6,7.7
December,Shimla,Indowind Energy,170,7.7
September,Shimla,Tata Power Company Ltd.,434.4,7.7
November,Shimla,Indowind Energy,324.4,7.7
February,Shimla,Tata Power Company Ltd.,146.8,7.7
July,Shimla,Tata Power Company Ltd.,531,7.7
August,Shimla,Adani Power Ltd.,456.75,7.7
May,Shimla,Adani Power Ltd.,628,7.7
November,Shimla,Tata Power Company Ltd.,196,7.7
August,Shimla,Indowind Energy,338.25,7.7
January,Shimla,Indowind Energy,229.6,7.7
June,Shimla,Orient Green,448.5,7.7
May,Shimla,Reliance Energy,601,7.7
January,Shimla,Orient Green,264,7.7
March,Shimla,Reliance Energy,318.5,7.7
March,Shimla,Tata Power Company Ltd.,336,7.7
August,Shimla,Orient Green,237,7.7
January,Shimla,Tata Power Company Ltd.,135.2,7.7
April,Shimla,Adani Power Ltd.,312.75,7.7
May,Shimla,Tata Power Company Ltd.,632,7.7
August,Shimla,Tata Power Company Ltd.,444,7.7
October,Shimla,Orient Green,209,7.7
June,Shimla,Adani Power Ltd.,391.5,7.7
January,Shimla,Indowind Energy,168.4,7.7
June,Shimla,Adani Power Ltd.,1008,7.7
October,Shimla,Reliance Energy,225,7.7
April,Shimla,Indowind Energy,305.25,7.7
February,Shimla,Adani Power Ltd.,188.4,7.7
August,Shimla,Reliance Energy,453,7.7
August,Shimla,Adani Power Ltd.,497.25,7.7
May,Shimla,Orient Green,607,7.7
October,Shimla,Adani Power Ltd.,250,7.7
July,Shimla,Tata Power Company Ltd.,843,7.7
July,Shimla,Tata Power Company Ltd.,451.5,7.7
October,Shimla,Tata Power Company Ltd.,198,7.7
March,Shimla,Adani Power Ltd.,282,7.7
August,Shimla,Adani Power Ltd.,337.5,7.7
November,Shimla,Tata Power Company Ltd.,218,7.7
September,Shimla,Adani Power Ltd.,360,7.7
January,Shimla,Reliance Energy,180,7.7
January,Shimla,Tata Power Company Ltd.,204.8,7.7
May,Shimla,Indowind Energy,552,7.7
March,Shimla,Adani Power Ltd.,250.5,7.7
April,Shimla,Tata Power Company Ltd.,360,7.7
August,Shimla,Tata Power Company Ltd.,425.25,7.7
October,Shimla,Reliance Energy,239,7.7
November,Shimla,Indowind Energy,132.4,7.7
November,Shimla,Indowind Energy,340.8,7.7
January,Shimla,Tata Power Company Ltd.,165.2,7.7
September,Shimla,Reliance Energy,205.8,7.7
August,Shimla,Reliance Energy,358.5,7.7
January,Shimla,Reliance Energy,259.6,7.7
August,Shimla,Adani Power Ltd.,194.25,7.7
November,Shimla,Indowind Energy,150,7.7
May,Shimla,Tata Power Company Ltd.,542,7.7
September,Shimla,Reliance Energy,218.4,7.7
November,Shimla,Adani Power Ltd.,205.6,7.7
October,Shimla,Indowind Energy,242,7.7
January,Shimla,Indowind Energy,115.2,7.7
March,Shimla,Reliance Energy,208.5,7.7
January,Shimla,Reliance Energy,199.6,7.7
June,Shimla,Reliance Energy,544.5,7.7
July,Shimla,Tata Power Company Ltd.,892.5,7.7
February,Shimla,Indowind Energy,177.6,7.7
August,Shimla,Orient Green,451.5,7.7
July,Shimla,Indowind Energy,1084.5,7.7
May,Shimla,Tata Power Company Ltd.,581,7.7
June,Shimla,Adani Power Ltd.,361.5,7.7
May,Shimla,Reliance Energy,263,7.7
September,Shimla,Tata Power Company Ltd.,322.8,7.7
March,Shimla,Reliance Energy,211.5,7.7
January,Shimla,Tata Power Company Ltd.,146.4,7.7
September,Shimla,Reliance Energy,187.8,7.7
June,Shimla,Indowind Energy,840,7.7
July,Shimla,Indowind Energy,862.5,7.7
February,Shimla,Adani Power Ltd.,99.6,7.7
January,Shimla,Orient Green,176.4,7.7
October,Shimla,Indowind Energy,272.5,7.7
January,Shimla,Adani Power Ltd.,229.6,7.7
March,Shimla,Indowind Energy,162,7.7
September,Shimla,Orient Green,299.4,7.7
December,Shimla,Indowind Energy,229.6,7.7
August,Shimla,Tata Power Company Ltd.,261.75,7.7
February,Shimla,Tata Power Company Ltd.,182.8,7.7
December,Shimla,Reliance Energy,189.6,7.7
November,Shimla,Reliance Energy,214.4,7.7
June,Shimla,Orient Green,606,7.7
February,Shimla,Indowind Energy,206,7.7
August,Shimla,Indowind Energy,300.75,7.7
December,Shimla,Indowind Energy,226.8,7.7
April,Shimla,Tata Power Company Ltd.,351.75,7.7
December,Shimla,Indowind Energy,220,7.7
July,Shimla,Indowind Energy,793.5,7.7
December,Shimla,Tata Power Company Ltd.,165.2,7.7
June,Shimla,Adani Power Ltd.,622.5,7.7
June,Shimla,Tata Power Company Ltd.,916.5,7.7
December,Shimla,Reliance Energy,258.4,7.7
August,Shimla,Orient Green,374.25,7.7
February,Shimla,Indowind Energy,234,7.7
May,Shimla,Indowind Energy,410,7.7
January,Shimla,Reliance Energy,200.4,7.7
August,Shimla,Adani Power Ltd.,381.75,7.7
December,Shimla,Adani Power Ltd.,241.6,7.7
February,Shimla,Tata Power Company Ltd.,151.2,7.7
October,Shimla,Orient Green,306,7.7
July,Shimla,Indowind Energy,889.5,7.7
October,Shimla,Adani Power Ltd.,261.5,7.7
July,Shimla,Adani Power Ltd.,928.5,7.7
October,Shimla,Orient Green,217.5,7.7
September,Shimla,Tata Power Company Ltd.,331.2,7.7
December,Shimla,Reliance Energy,219.2,7.7
November,Shimla,Adani Power Ltd.,195.2,7.7
August,Shimla,Adani Power Ltd.,189.75,7.7
September,Shimla,Adani Power Ltd.,220.2,7.7
August,Shimla,Adani Power Ltd.,312,7.7
July,Shimla,Orient Green,582,7.7
March,Shimla,Reliance Energy,305,7.7
August,Shimla,Reliance Energy,389.25,7.7
September,Shimla,Reliance Energy,339,7.7
December,Shimla,Indowind Energy,144.8,7.7
September,Shimla,Indowind Energy,247.2,7.7
July,Shimla,Orient Green,1122,7.7
December,Shimla,Indowind Energy,130,7.7
May,Shimla,Orient Green,605,7.7
September,Shimla,Adani Power Ltd.,213,7.7
December,Shimla,Indowind Energy,172,7.7
December,Shimla,Orient Green,272.4,7.7
June,Shimla,Reliance Energy,670.5,7.7
June,Shimla,Reliance Energy,547.5,7.7
April,Shimla,Indowind Energy,368.25,7.7
June,Shimla,Tata Power Company Ltd.,720,7.7
March,Shimla,Adani Power Ltd.,292.5,7.7
March,Shimla,Tata Power Company Ltd.,320.5,7.7
June,Shimla,Adani Power Ltd.,526.5,7.7
March,Shimla,Adani Power Ltd.,319,7.7
January,Shimla,Adani Power Ltd.,306,7.7
April,Shimla,Orient Green,257.25,7.7
August,Shimla,Adani Power Ltd.,453,7.7
July,Shimla,Indowind Energy,588,7.7
June,Shimla,Orient Green,937.5,7.7
July,Shimla,Reliance Energy,927,7.7
April,Shimla,Tata Power Company Ltd.,447,7.7
April,Shimla,Tata Power Company Ltd.,240,7.7
October,Shimla,Tata Power Company Ltd.,198.5,7.7
February,Shimla,Indowind Energy,210.4,7.7
December,Shimla,Adani Power Ltd.,197.2,7.7
February,Shimla,Adani Power Ltd.,200,7.7
March,Shimla,Tata Power Company Ltd.,309.5,7.7
January,Shimla,Tata Power Company Ltd.,209.2,7.7
July,Shimla,Tata Power Company Ltd.,625.5,7.7
September,Shimla,Indowind Energy,328.2,7.7
March,Shimla,Indowind Energy,207,7.7
May,Shimla,Tata Power Company Ltd.,380,7.7
June,Shimla,Orient Green,781.5,7.7
June,Shimla,Indowind Energy,1047,7.7
April,Shimla,Adani Power Ltd.,375,7.7
June,Shimla,Adani Power Ltd.,352.5,7.7
July,Shimla,Indowind Energy,1038,7.7
September,Shimla,Tata Power Company Ltd.,349.2,7.7
May,Shimla,Reliance Energy,575,7.7
October,Shimla,Reliance Energy,285,7.7
May,Shimla,Indowind Energy,473,7.7
June,Shimla,Reliance Energy,834,7.7
September,Shimla,Adani Power Ltd.,265.8,7.7
September,Shimla,Adani Power Ltd.,373.2,7.7
June,Shimla,Tata Power Company Ltd.,774,7.7
December,Shimla,Tata Power Company Ltd.,224,7.7
March,Shimla,Reliance Energy,293,7.7
April,Shimla,Indowind Energy,379.5,7.7
July,Shimla,Indowind Energy,688.5,7.7
May,Shimla,Orient Green,457,7.7
February,Shimla,Tata Power Company Ltd.,178,7.7
February,Shimla,Indowind Energy,227.2,7.7
September,Shimla,Orient Green,330,7.7
March,Shimla,Reliance Energy,304.5,7.7
December,Shimla,Reliance Energy,230.4,7.7
April,Shimla,Orient Green,349.5,7.7
February,Shimla,Orient Green,94.8,7.7
October,Shimla,Adani Power Ltd.,256.5,7.7
August,Shimla,Indowind Energy,489,7.7
December,Shimla,Tata Power Company Ltd.,266.4,7.7
January,Shimla,Tata Power Company Ltd.,222.4,7.7
April,Shimla,Reliance Energy,459,7.7
March,Shimla,Tata Power Company Ltd.,302.5,7.7
January,Shimla,Tata Power Company Ltd.,252,7.7
January,Shimla,Adani Power Ltd.,244.4,7.7
September,Shimla,Orient Green,322.2,7.7
December,Shimla,Reliance Energy,261.6,7.7
October,Shimla,Indowind Energy,268.5,7.7
July,Shimla,Adani Power Ltd.,612,7.7
October,Shimla,Indowind Energy,134.5,7.7
March,Shimla,Tata Power Company Ltd.,323.5,7.7
August,Shimla,Tata Power Company Ltd.,349.5,7.7
February,Shimla,Orient Green,146.8,7.7
February,Shimla,Tata Power Company Ltd.,251.6,7.7
July,Shimla,Tata Power Company Ltd.,480,7.7
October,Shimla,Reliance Energy,231,7.7
March,Shimla,Adani Power Ltd.,230.5,7.7
February,Shimla,Orient Green,238,7.7
August,Shimla,Tata Power Company Ltd.,304.5,7.7
January,Shimla,Orient Green,302.8,7.7
January,Shimla,Adani Power Ltd.,258.8,7.7
June,Shimla,Tata Power Company Ltd.,720,7.7
June,Shimla,Indowind Energy,1201.5,7.7
September,Shimla,Reliance Energy,339.6,7.7
August,Shimla,Tata Power Company Ltd.,384.75,7.7
June,Shimla,Tata Power Company Ltd.,772.5,7.7
June,Shimla,Indowind Energy,505.5,7.7
May,Shimla,Reliance Energy,475,7.7
August,Shimla,Adani Power Ltd.,388.5,7.7
August,Shimla,Adani Power Ltd.,501.75,7.7
May,Shimla,Reliance Energy,565,7.7
May,Shimla,Tata Power Company Ltd.,456,7.7
October,Shimla,Reliance Energy,317,7.7
February,Shimla,Tata Power Company Ltd.,252.4,7.7
May,Shimla,Orient Green,368,7.7
May,Shimla,Indowind Energy,440,7.7
November,Shimla,Adani Power Ltd.,216,7.7
June,Shimla,Adani Power Ltd.,430.5,7.7
September,Shimla,Orient Green,283.2,7.7
September,Shimla,Reliance Energy,195.6,7.7
May,Shimla,Indowind Energy,415,7.7
April,Shimla,Orient Green,485.25,7.7
January,Shimla,Adani Power Ltd.,232,7.7
February,Shimla,Reliance Energy,227.2,7.7
August,Shimla,Reliance Energy,422.25,7.7
December,Shimla,Orient Green,171.6,7.7
November,Shimla,Tata Power Company Ltd.,225.2,7.7
December,Shimla,Indowind Energy,300,7.7
August,Shimla,Tata Power Company Ltd.,512.25,7.7
January,Shimla,Reliance Energy,168.4,7.7
September,Shimla,Indowind Energy,399.6,7.7
September,Vadodara,Tata Power Company Ltd.,623.22,7.8
April,Vadodara,Reliance Energy,586.5,7.8
April,Vadodara,Adani Power Ltd.,739.5,7.8
December,Vadodara,Adani Power Ltd.,218.28,7.8
May,Vadodara,Tata Power Company Ltd.,882.3,7.8
July,Vadodara,Tata Power Company Ltd.,1976.25,7.8
May,Vadodara,Indowind Energy,513.4,7.8
September,Vadodara,Adani Power Ltd.,525.3,7.8
January,Vadodara,Orient Green,435.2,7.8
July,Vadodara,Adani Power Ltd.,1203.6,7.8
April,Vadodara,Tata Power Company Ltd.,641.325,7.8
July,Vadodara,Adani Power Ltd.,1287.75,7.8
October,Vadodara,Orient Green,344.25,7.8
May,Vadodara,Reliance Energy,1122,7.8
November,Vadodara,Reliance Energy,322.32,7.8
March,Vadodara,Indowind Energy,555.9,7.8
March,Vadodara,Indowind Energy,503.2,7.8
April,Vadodara,Adani Power Ltd.,932.025,7.8
April,Vadodara,Tata Power Company Ltd.,563.55,7.8
November,Vadodara,Orient Green,288.32,7.8
May,Vadodara,Orient Green,952,7.8
July,Vadodara,Adani Power Ltd.,1124.55,7.8
December,Vadodara,Indowind Energy,299.2,7.8
October,Vadodara,Tata Power Company Ltd.,417.35,7.8
July,Vadodara,Orient Green,1767.15,7.8
December,Vadodara,Adani Power Ltd.,386.92,7.8
August,Vadodara,Indowind Energy,779.025,7.8
October,Vadodara,Indowind Energy,322.15,7.8
May,Vadodara,Reliance Energy,824.5,7.8
August,Vadodara,Adani Power Ltd.,887.4,7.8
March,Vadodara,Tata Power Company Ltd.,427.55,7.8
August,Vadodara,Tata Power Company Ltd.,923.1,7.8
June,Vadodara,Tata Power Company Ltd.,1435.65,7.8
June,Vadodara,Reliance Energy,1201.05,7.8
May,Vadodara,Indowind Energy,792.2,7.8
October,Vadodara,Adani Power Ltd.,393.55,7.8
March,Vadodara,Orient Green,512.55,7.8
March,Vadodara,Tata Power Company Ltd.,415.65,7.8
November,Vadodara,Adani Power Ltd.,327.08,7.8
February,Vadodara,Adani Power Ltd.,469.88,7.8
December,Vadodara,Indowind Energy,291.72,7.8
September,Vadodara,Indowind Energy,644.64,7.8
June,Vadodara,Tata Power Company Ltd.,1111.8,7.8
April,Vadodara,Orient Green,540.6,7.8
June,Vadodara,Tata Power Company Ltd.,1415.25,7.8
March,Vadodara,Indowind Energy,352.75,7.8
February,Vadodara,Adani Power Ltd.,354.28,7.8
February,Vadodara,Reliance Energy,419.56,7.8
March,Vadodara,Orient Green,270.3,7.8
May,Vadodara,Tata Power Company Ltd.,1062.5,7.8
July,Vadodara,Adani Power Ltd.,1417.8,7.8
September,Vadodara,Tata Power Company Ltd.,343.74,7.8
November,Vadodara,Tata Power Company Ltd.,419.56,7.8
June,Vadodara,Tata Power Company Ltd.,1076.1,7.8
May,Vadodara,Reliance Energy,1047.2,7.8
February,Vadodara,Orient Green,459,7.8
January,Vadodara,Tata Power Company Ltd.,431.8,7.8
October,Vadodara,Indowind Energy,346.8,7.8
January,Vadodara,Indowind Energy,256.36,7.8
January,Vadodara,Tata Power Company Ltd.,284.24,7.8
November,Vadodara,Orient Green,301.92,7.8
June,Vadodara,Adani Power Ltd.,1027.65,7.8
September,Vadodara,Adani Power Ltd.,517.14,7.8
December,Vadodara,Tata Power Company Ltd.,203.32,7.8
June,Vadodara,Adani Power Ltd.,1611.6,7.8
August,Vadodara,Indowind Energy,765,7.8
February,Vadodara,Reliance Energy,382.84,7.8
January,Vadodara,Tata Power Company Ltd.,444.72,7.8
September,Vadodara,Tata Power Company Ltd.,483.48,7.8
May,Vadodara,Tata Power Company Ltd.,989.4,7.8
April,Vadodara,Indowind Energy,378.675,7.8
October,Vadodara,Indowind Energy,255,7.8
April,Vadodara,Tata Power Company Ltd.,428.4,7.8
May,Vadodara,Orient Green,700.4,7.8
March,Vadodara,Tata Power Company Ltd.,379.95,7.8
September,Vadodara,Reliance Energy,593.64,7.8
July,Vadodara,Orient Green,1690.65,7.8
March,Vadodara,Orient Green,436.9,7.8
March,Vadodara,Reliance Energy,454.75,7.8
October,Vadodara,Adani Power Ltd.,607.75,7.8
February,Vadodara,Indowind Energy,502.52,7.8
March,Vadodara,Adani Power Ltd.,396.95,7.8
April,Vadodara,Adani Power Ltd.,627.3,7.8
June,Vadodara,Indowind Energy,1858.95,7.8
February,Vadodara,Reliance Energy,240.04,7.8
June,Vadodara,Indowind Energy,1448.4,7.8
December,Vadodara,Reliance Energy,364.48,7.8
September,Vadodara,Reliance Energy,561,7.8
July,Vadodara,Indowind Energy,1762.05,7.8
December,Vadodara,Reliance Energy,385.56,7.8
September,Vadodara,Reliance Energy,420.24,7.8
September,Vadodara,Reliance Energy,516.12,7.8
May,Vadodara,Orient Green,912.9,7.8
December,Vadodara,Orient Green,184.96,7.8
September,Vadodara,Adani Power Ltd.,472.26,7.8
November,Vadodara,Indowind Energy,502.52,7.8
July,Vadodara,Tata Power Company Ltd.,1083.75,7.8
March,Vadodara,Adani Power Ltd.,517.65,7.8
March,Vadodara,Orient Green,621.35,7.8
June,Vadodara,Indowind Energy,869.55,7.8
April,Vadodara,Adani Power Ltd.,576.3,7.8
July,Vadodara,Reliance Energy,1364.25,7.8
February,Vadodara,Tata Power Company Ltd.,374.68,7.8
April,Vadodara,Indowind Energy,757.35,7.8
June,Vadodara,Tata Power Company Ltd.,1825.8,7.8
November,Vadodara,Tata Power Company Ltd.,229.84,7.8
September,Vadodara,Orient Green,372.3,7.8
February,Vadodara,Tata Power Company Ltd.,361.76,7.8
August,Vadodara,Orient Green,685.95,7.8
February,Vadodara,Indowind Energy,422.96,7.8
June,Vadodara,Adani Power Ltd.,1405.05,7.8
August,Vadodara,Adani Power Ltd.,499.8,7.8
May,Vadodara,Adani Power Ltd.,775.2,7.8
June,Vadodara,Adani Power Ltd.,1320.9,7.8
April,Vadodara,Reliance Energy,827.475,7.8
June,Vadodara,Reliance Energy,1484.1,7.8
November,Vadodara,Orient Green,244.8,7.8
May,Vadodara,Indowind Energy,1025.1,7.8
May,Vadodara,Tata Power Company Ltd.,1382.1,7.8
November,Vadodara,Adani Power Ltd.,407.32,7.8
September,Vadodara,Indowind Energy,387.6,7.8
January,Vadodara,Reliance Energy,258.4,7.8
July,Vadodara,Indowind Energy,1448.4,7.8
September,Vadodara,Indowind Energy,630.36,7.8
June,Vadodara,Tata Power Company Ltd.,1501.95,7.8
May,Vadodara,Adani Power Ltd.,715.7,7.8
November,Vadodara,Reliance Energy,357,7.8
June,Vadodara,Orient Green,1479,7.8
August,Vadodara,Adani Power Ltd.,645.15,7.8
November,Vadodara,Adani Power Ltd.,172.04,7.8
December,Vadodara,Orient Green,228.48,7.8
October,Vadodara,Indowind Energy,320.45,7.8
November,Vadodara,Indowind Energy,355.64,7.8
March,Vadodara,Adani Power Ltd.,503.2,7.8
June,Vadodara,Tata Power Company Ltd.,1308.15,7.8
September,Vadodara,Indowind Energy,712.98,7.8
September,Vadodara,Orient Green,540.6,7.8
August,Vadodara,Reliance Energy,692.325,7.8
August,Vadodara,Reliance Energy,550.8,7.8
August,Vadodara,Orient Green,697.425,7.8
February,Vadodara,Reliance Energy,320.96,7.8
September,Vadodara,Adani Power Ltd.,574.26,7.8
July,Vadodara,Orient Green,3315,7.8
July,Vadodara,Tata Power Company Ltd.,2014.5,7.8
January,Vadodara,Indowind Energy,678.64,7.8
May,Vadodara,Tata Power Company Ltd.,1574.2,7.8
September,Vadodara,Indowind Energy,699.72,7.8
June,Vadodara,Tata Power Company Ltd.,1958.4,7.8
December,Vadodara,Tata Power Company Ltd.,1025.44,7.8
May,Vadodara,Orient Green,1625.2,7.8
November,Vadodara,Orient Green,820.08,7.8
June,Vadodara,Indowind Energy,1412.7,7.8
March,Vadodara,Tata Power Company Ltd.,919.7,7.8
October,Vadodara,Tata Power Company Ltd.,952,7.8
June,Vadodara,Orient Green,2687.7,7.8
April,Vadodara,Reliance Energy,1009.8,7.8
April,Vadodara,Adani Power Ltd.,966.45,7.8
June,Vadodara,Adani Power Ltd.,3100.8,7.8
December,Vadodara,Reliance Energy,466.48,7.8
August,Vadodara,Adani Power Ltd.,1802.85,7.8
December,Vadodara,Adani Power Ltd.,761.6,7.8
November,Vadodara,Indowind Energy,485.52,7.8
December,Vadodara,Adani Power Ltd.,719.44,7.8
May,Vadodara,Orient Green,1472.2,7.8
April,Vadodara,Adani Power Ltd.,1670.25,7.8
February,Vadodara,Adani Power Ltd.,788.8,7.8
August,Vadodara,Orient Green,1356.6,7.8
March,Vadodara,Adani Power Ltd.,1103.3,7.8
September,Vadodara,Indowind Energy,1101.6,7.8
April,Vadodara,Tata Power Company Ltd.,1045.5,7.8
May,Vadodara,Tata Power Company Ltd.,1785,7.8
April,Vadodara,Tata Power Company Ltd.,1216.35,7.8
August,Vadodara,Orient Green,1239.3,7.8
December,Vadodara,Orient Green,628.32,7.8
September,Vadodara,Reliance Energy,948.6,7.8
April,Vadodara,Adani Power Ltd.,1188.3,7.8
May,Vadodara,Reliance Energy,1944.8,7.8
May,Vadodara,Tata Power Company Ltd.,1985.6,7.8
June,Vadodara,Indowind Energy,2376.6,7.8
August,Vadodara,Reliance Energy,1290.3,7.8
February,Vadodara,Indowind Energy,772.48,7.8
June,Vadodara,Adani Power Ltd.,2397,7.8
January,Vadodara,Indowind Energy,693.6,7.8
April,Vadodara,Adani Power Ltd.,979.2,7.8
November,Vadodara,Orient Green,705.84,7.8
May,Vadodara,Indowind Energy,1866.6,7.8
May,Vadodara,Adani Power Ltd.,1965.2,7.8
October,Vadodara,Reliance Energy,980.9,7.8
January,Vadodara,Adani Power Ltd.,622.88,7.8
October,Vadodara,Reliance Energy,1016.6,7.8
October,Vadodara,Reliance Energy,1026.8,7.8
July,Vadodara,Indowind Energy,3009,7.8
January,Vadodara,Reliance Energy,915.28,7.8
February,Vadodara,Tata Power Company Ltd.,945.2,7.8
January,Vadodara,Reliance Energy,847.28,7.8
September,Vadodara,Indowind Energy,1064.88,7.8
January,Vadodara,Tata Power Company Ltd.,437.92,7.8
April,Vadodara,Adani Power Ltd.,1501.95,7.8
April,Vadodara,Orient Green,736.95,7.8
March,Vadodara,Indowind Energy,848.3,7.8
September,Vadodara,Tata Power Company Ltd.,913.92,7.8
October,Vadodara,Reliance Energy,923.1,7.8
May,Vadodara,Adani Power Ltd.,1676.2,7.8
December,Vadodara,Adani Power Ltd.,886.72,7.8
June,Vadodara,Indowind Energy,1728.9,7.8
December,Vadodara,Orient Green,731.68,7.8
January,Vadodara,Tata Power Company Ltd.,458.32,7.8
August,Vadodara,Indowind Energy,1578.45,7.8
April,Vadodara,Orient Green,1354.05,7.8
December,Vadodara,Orient Green,794.24,7.8
November,Vadodara,Adani Power Ltd.,564.4,7.8
May,Vadodara,Tata Power Company Ltd.,2386.8,7.8
August,Vadodara,Adani Power Ltd.,948.6,7.8
July,Vadodara,Tata Power Company Ltd.,2764.2,7.8
July,Vadodara,Orient Green,2325.6,7.8
April,Vadodara,Reliance Energy,1109.25,7.8
April,Vadodara,Orient Green,1394.85,7.8
July,Vadodara,Adani Power Ltd.,2550,7.8
September,Vadodara,Reliance Energy,1213.8,7.8
May,Vadodara,Tata Power Company Ltd.,1706.8,7.8
July,Vadodara,Indowind Energy,3513.9,7.8
October,Vadodara,Tata Power Company Ltd.,629,7.8
July,Vadodara,Indowind Energy,3167.1,7.8
January,Vadodara,Orient Green,765.68,7.8
December,Vadodara,Adani Power Ltd.,871.76,7.8
August,Vadodara,Reliance Energy,1042.95,7.8
May,Vadodara,Orient Green,2308.6,7.8
December,Vadodara,Reliance Energy,620.16,7.8
May,Vadodara,Reliance Energy,1298.8,7.8
November,Vadodara,Orient Green,699.04,7.8
September,Vadodara,Reliance Energy,850.68,7.8
January,Vadodara,Indowind Energy,908.48,7.8
July,Vadodara,Orient Green,2407.2,7.8
February,Vadodara,Tata Power Company Ltd.,560.32,7.8
November,Vadodara,Indowind Energy,735.76,7.8
November,Vadodara,Orient Green,535.84,7.8
August,Vadodara,Reliance Energy,1772.25,7.8
September,Vadodara,Orient Green,911.88,7.8
January,Vadodara,Adani Power Ltd.,780.64,7.8
May,Vadodara,Adani Power Ltd.,1302.2,7.8
May,Vadodara,Tata Power Company Ltd.,2237.2,7.8
November,Vadodara,Adani Power Ltd.,816,7.8
November,Vadodara,Reliance Energy,665.04,7.8
December,Vadodara,Tata Power Company Ltd.,863.6,7.8
August,Vadodara,Indowind Energy,1173,7.8
January,Vadodara,Reliance Energy,660.96,7.8
July,Vadodara,Orient Green,2534.7,7.8
July,Vadodara,Indowind Energy,2891.7,7.8
March,Vadodara,Tata Power Company Ltd.,1218.9,7.8
August,Vadodara,Tata Power Company Ltd.,1481.55,7.8
January,Vadodara,Orient Green,586.16,7.8
August,Vadodara,Tata Power Company Ltd.,2034.9,7.8
March,Vadodara,Orient Green,1133.9,7.8
June,Vadodara,Indowind Energy,2289.9,7.8
November,Vadodara,Orient Green,762.96,7.8
July,Vadodara,Reliance Energy,1336.2,7.8
March,Vadodara,Adani Power Ltd.,884,7.8
September,Vadodara,Tata Power Company Ltd.,1330.08,7.8
February,Vadodara,Adani Power Ltd.,701.76,7.8
October,Vadodara,Indowind Energy,758.2,7.8
March,Vadodara,Orient Green,1065.9,7.8
June,Vadodara,Adani Power Ltd.,3355.8,7.8
May,Vadodara,Indowind Energy,1343,7.8
April,Vadodara,Tata Power Company Ltd.,1007.25,7.8
August,Vadodara,Adani Power Ltd.,1348.95,7.8
February,Vadodara,Reliance Energy,737.12,7.8
October,Vadodara,Tata Power Company Ltd.,380.8,7.8
April,Vadodara,Tata Power Company Ltd.,997.05,7.8
February,Vadodara,Indowind Energy,380.8,7.8
March,Vadodara,Orient Green,795.6,7.8
October,Vadodara,Orient Green,882.3,7.8
November,Vadodara,Tata Power Company Ltd.,599.76,7.8
December,Vadodara,Indowind Energy,746.64,7.8
October,Vadodara,Adani Power Ltd.,856.8,7.8
February,Vadodara,Adani Power Ltd.,484.16,7.8
November,Vadodara,Orient Green,541.28,7.8
April,Vadodara,Indowind Energy,1389.75,7.8
November,Vadodara,Orient Green,705.84,7.8
September,Vadodara,Reliance Energy,1315.8,7.8
March,Vadodara,Reliance Energy,1140.7,7.8
April,Vadodara,Adani Power Ltd.,1170.45,7.8
March,Vadodara,Tata Power Company Ltd.,1167.9,7.8
January,Vadodara,Tata Power Company Ltd.,707.2,7.8
June,Vadodara,Reliance Energy,2886.6,7.8
May,Vadodara,Tata Power Company Ltd.,1135.6,7.8
April,Vadodara,Indowind Energy,971.55,7.8
October,Vadodara,Indowind Energy,1023.4,7.8
June,Vadodara,Indowind Energy,2147.1,7.8
June,Vadodara,Tata Power Company Ltd.,2764.2,7.8
February,Vadodara,Indowind Energy,524.96,7.8
October,Vadodara,Indowind Energy,518.5,7.8
May,Vadodara,Orient Green,2070.6,7.8
June,Vadodara,Adani Power Ltd.,2162.4,7.8
January,Vadodara,Tata Power Company Ltd.,584.8,7.8
May,Vadodara,Adani Power Ltd.,2097.8,7.8
February,Vadodara,Tata Power Company Ltd.,609.28,7.8
June,Vadodara,Adani Power Ltd.,3054.9,7.8
September,Vadodara,Indowind Energy,1493.28,7.8
March,Vadodara,Orient Green,697,7.8
April,Vadodara,Reliance Energy,1147.5,7.8
May,Vadodara,Tata Power Company Ltd.,1091.4,7.8
May,Vadodara,Reliance Energy,1366.8,7.8
November,Vadodara,Orient Green,484.16,7.8
May,Vadodara,Indowind Energy,2448,7.8
April,Vadodara,Orient Green,489.6,7.8
March,Vadodara,Orient Green,1145.8,7.8
January,Vadodara,Tata Power Company Ltd.,671.84,7.8
November,Vadodara,Tata Power Company Ltd.,648.72,7.8
July,Vadodara,Orient Green,2799.9,7.8
November,Vadodara,Orient Green,799.68,7.8
May,Vadodara,Reliance Energy,1543.6,7.8
April,Vadodara,Indowind Energy,1938,7.8
February,Vadodara,Adani Power Ltd.,470.56,7.8
November,Vadodara,Tata Power Company Ltd.,824.16,7.8
June,Vadodara,Orient Green,2697.9,7.8
October,Vadodara,Orient Green,552.5,7.8
March,Vadodara,Adani Power Ltd.,501.5,7.8
April,Vadodara,Indowind Energy,601.8,7.8
September,Vadodara,Tata Power Company Ltd.,1207.68,7.8
August,Vadodara,Tata Power Company Ltd.,1216.35,7.8
June,Vadodara,Tata Power Company Ltd.,2963.1,7.8
August,Vadodara,Indowind Energy,1552.95,7.8
April,Vadodara,Reliance Energy,1239.3,7.8
June,Vadodara,Indowind Energy,2646.9,7.8
September,Vadodara,Reliance Energy,828.24,7.8
January,Vadodara,Tata Power Company Ltd.,697.68,7.8
September,Vadodara,Indowind Energy,744.6,7.8
September,Vadodara,Orient Green,822.12,7.8
December,Vadodara,Reliance Energy,826.88,7.8
February,Vadodara,Orient Green,629.68,7.8
July,Vadodara,Indowind Energy,2499,7.8
April,Vadodara,Indowind Energy,1634.55,7.8
February,Vadodara,Orient Green,686.8,7.8
September,Vadodara,Adani Power Ltd.,1052.64,7.8
October,Vadodara,Tata Power Company Ltd.,814.3,7.8
September,Vadodara,Adani Power Ltd.,820.08,7.8
January,Vadodara,Tata Power Company Ltd.,701.76,7.8
July,Vadodara,Reliance Energy,2550,7.8
October,Vadodara,Reliance Energy,1013.2,7.8
November,Vadodara,Adani Power Ltd.,686.8,7.8
March,Vadodara,Reliance Energy,1162.8,7.8
May,Vadodara,Tata Power Company Ltd.,1139,7.8
July,Vadodara,Tata Power Company Ltd.,2509.2,7.8
November,Vadodara,Indowind Energy,352.24,7.8
October,Vadodara,Reliance Energy,377.4,7.8
September,Vadodara,Indowind Energy,591.6,7.8
January,Vadodara,Reliance Energy,894.88,7.8
October,Vadodara,Indowind Energy,731,7.8
January,Vadodara,Tata Power Company Ltd.,398.48,7.8
June,Vadodara,Orient Green,2606.1,7.8
May,Vadodara,Indowind Energy,2495.6,7.8
September,Vadodara,Indowind Energy,1160.76,7.8
August,Vadodara,Adani Power Ltd.,1542.75,7.8
June,Vadodara,Indowind Energy,3723,7.8
September,Vadodara,Orient Green,867,7.8
November,Vadodara,Indowind Energy,410.72,7.8
December,Vadodara,Adani Power Ltd.,632.4,7.8
April,Vadodara,Adani Power Ltd.,1264.8,7.8
July,Vadodara,Adani Power Ltd.,1902.3,7.8
December,Vadodara,Orient Green,863.6,7.8
June,Vadodara,Orient Green,2667.3,7.8
November,Vadodara,Indowind Energy,738.48,7.8
October,Vadodara,Orient Green,926.5,7.8
June,Vadodara,Orient Green,3243.6,7.8
March,Vadodara,Indowind Energy,868.7,7.8
September,Vadodara,Adani Power Ltd.,1054.68,7.8
September,Vadodara,Indowind Energy,881.28,7.8
February,Vadodara,Indowind Energy,697.68,7.8
November,Vadodara,Tata Power Company Ltd.,784.72,7.8
September,Vadodara,Reliance Energy,1234.2,7.8
June,Vadodara,Adani Power Ltd.,2289.9,7.8
September,Vadodara,Indowind Energy,1201.56,7.8
July,Vadodara,Adani Power Ltd.,4365.6,7.8
January,Vadodara,Reliance Energy,568.48,7.8
January,Vadodara,Reliance Energy,1013.2,7.8
February,Vadodara,Adani Power Ltd.,656.88,7.8
July,Vadodara,Tata Power Company Ltd.,3177.3,7.8
October,Vadodara,Orient Green,921.4,7.8
February,Vadodara,Orient Green,408,7.8
June,Vadodara,Orient Green,3437.4,7.8
March,Vadodara,Indowind Energy,885.7,7.8
November,Vadodara,Orient Green,485.52,7.8
March,Vadodara,Reliance Energy,751.4,7.8
July,Vadodara,Adani Power Ltd.,3116.1,7.8
January,Vadodara,Reliance Energy,545.36,7.8
March,Vadodara,Tata Power Company Ltd.,666.4,7.8
April,Vadodara,Orient Green,1119.45,7.8
October,Vadodara,Reliance Energy,926.5,7.8
May,Vadodara,Indowind Energy,2539.8,7.8
July,Vadodara,Tata Power Company Ltd.,2101.2,7.8
May,Vadodara,Adani Power Ltd.,1883.6,7.8
April,Vadodara,Reliance Energy,1025.1,7.8
August,Vadodara,Indowind Energy,1545.3,7.8
December,Vadodara,Tata Power Company Ltd.,718.08,7.8
February,Vadodara,Adani Power Ltd.,772.48,7.8
May,Vadodara,Tata Power Company Ltd.,2165.8,7.8
May,Vadodara,Orient Green,1448.4,7.8
March,Vadodara,Tata Power Company Ltd.,844.9,7.8
November,Vadodara,Reliance Energy,576.64,7.8
July,Vadodara,Adani Power Ltd.,1744.2,7.8
November,Vadodara,Tata Power Company Ltd.,1048.56,7.8
October,Vadodara,Indowind Energy,931.6,7.8
February,Vadodara,Indowind Energy,771.12,7.8
November,Vadodara,Reliance Energy,889.44,7.8
February,Vadodara,Reliance Energy,699.04,7.8
November,Vadodara,Tata Power Company Ltd.,486.88,7.8
February,Vadodara,Tata Power Company Ltd.,569.84,7.8
March,Vadodara,Tata Power Company Ltd.,858.5,7.8
July,Vadodara,Indowind Energy,1790.1,7.8
December,Vadodara,Tata Power Company Ltd.,779.28,7.8
July,Vadodara,Adani Power Ltd.,1504.5,7.8
December,Vadodara,Adani Power Ltd.,1183.2,7.8
April,Vadodara,Tata Power Company Ltd.,1394.85,7.8
June,Vadodara,Tata Power Company Ltd.,2682.6,7.8
December,Vadodara,Orient Green,976.48,7.8
August,Vadodara,Indowind Energy,1583.55,7.8
April,Vadodara,Orient Green,1119.45,7.8
April,Vadodara,Reliance Energy,1394.85,7.8
September,Vadodara,Orient Green,1136.28,7.8
July,Vadodara,Reliance Energy,1851.3,7.8
July,Vadodara,Reliance Energy,2850.9,7.8
December,Vadodara,Tata Power Company Ltd.,784.72,7.8
November,Vadodara,Indowind Energy,844.56,7.8
March,Vadodara,Orient Green,955.4,7.8
July,Vadodara,Orient Green,2886.6,7.8
December,Vadodara,Reliance Energy,563.04,7.8
July,Vadodara,Reliance Energy,3197.7,7.8
January,Vadodara,Indowind Energy,515.44,7.8
July,Vadodara,Tata Power Company Ltd.,2769.3,7.8
December,Vadodara,Tata Power Company Ltd.,656.88,7.8
September,Vadodara,Orient Green,1020,7.8
April,Vadodara,Tata Power Company Ltd.,1259.7,7.8
March,Vadodara,Reliance Energy,1026.8,7.8
February,Vadodara,Adani Power Ltd.,771.12,7.8
April,Vadodara,Orient Green,1407.6,7.8
May,Vadodara,Indowind Energy,1768,7.8
August,Vadodara,Orient Green,986.85,7.8
November,Vadodara,Tata Power Company Ltd.,979.2,7.8
